646
CTAC~1-800 Contacts, Inc.^1-800 CONTACTS INC.^1-800 Contacts^1-800 Contacts Inc.^1-800 CONTACTS, INC.^1-800 CONTACTS, Inc.
FOX~21ST CENTURY FOX AMERICA INC IN-KIND^21st Century Fox America Inc^21st Century Fox^Fox Entertainment Group^CENTURY FOX AMERICA^21ST CENTURY FOX AMERICA INC^FOX ENTERTAINMENT GROUP^21ST CENTURY FOX
MMM~3M Company^3M^3M GENERAL OFFICES^3M COMPANY
AAN~Aarons, Inc.^AARON''S, INC.^Aarons Inc^AARON S INC
AMT~ABBOTT LABORATORIES^Abbott Laboratories
ABBV~ABBVIE^Abbvie, Inc.^AbbVie^ABBVIE INC.
ATVI~ACTIVISION PUBLISHING, INC.^ACTIVISION
ADT~ADT LLC
ATGE~DeVry Education Group^Adtalem Global Education^Adtalem Global Education Inc.^DEVRY EDUCATION GROUP
AEA~ADVANCE AMERICA^Advance America
CVH~AETNA, INC^Aetna Inc.^AETNA INC.^AETNA SCHALLER ANDERSON, INC.^AetNA^AETNA^AETNA, INC.
AFL~IN-KIND - AFLAC Inc.^AFLAC INCORPORATED^AFLAC INCORPORATED - IN-KIND TRAVEL^Aflac Incorporated^AFLAC INCORPORATED AMERICAN FAMILY LIFE ASSURANCE^AFLAC -IN-KIND^AFLAC INC.^AFLAC American Family Life Assurance^AFLAC-IN-KIND^AFLAC^AFLAC -AMERICAN FAMILY LIFE ASSURANCE^AFLAC Inc.^AFLAC (AMERICAN FAMILY LIFE ASSURANCE)^AFLAC AMERICAN FAMILY LIFE ASSURANCE^AFLAC INCORPORATED- - IN-KIND CONTRIBUTION
ALK~ALASKA AIRLINES^ALASKA AIR^ALASKA AIRLINES IN-KIND
AGN~ALLERGAN USA INC^ALLERGAN INC.^Allergan^ALLERGAN, INC.^ALLERGAN USA INC.^ALLERGAN^ACTAVIS^ALLERGAN USA, INC.^Allergan, Inc.^Allergan USA, INC
LNT~WISCONSIN POWER AND LIGHT CO^WISCONSIN POWER AND LIGHT CO.^ALLIANT ENERGY CORPORATION SERVICES INC^Alliant Energy Corporation Services, Inc.^ALLIANT ENERGY CORP^ALLIANT ENERGY^ALLIANT ENERGY CORPORATION SERVICES INC.^ALLIANT ENERGY CORP SRVCS INC^Alliant Energy^ALLIANT ENERGY CORP SERVICES INC.^ALLIANT ENERGY CORP.^Alliant Energy Corporation^ALLIANT ENERGY CORP. SERVICES INC.^ALLIANT ENERGY CORPORATION^ALLIANT ENERGY CORPORATE SERVICES INC.^Alliant Energy Corporation Services Inc^ALLIANT ENERGY CORP SRVCS INC.
ALL~Allstate Insurance Company^AllState Insurance Company^ALLSTATE INSURANCE COMPANY
MO~ALTRIA CLIENT SERVICES INC.^Altria Client Services, Inc.^ALTRIA CLIENT SERVICES INC.-IN-KIND EVENT SPIRITS^STE. MICHELLE WINE ESTATES-IN-KIND EVENT SPIRITS^ALTRIA CLIENT SERVICES IN-KIND^ALTRIA^ALTRIA CLIENT SERVICES, INC.^ALTRIA CLIENT SERVICES INC. IN-KIND EVENT FACILITI^Altria Client Services, LLC In-kind^Altria Client Services, LLC^ALTRIA CLIENT SERVICES LLC - IN-KIND^ALTRIA GROUP, INC.^STE. MICHELLE WINE ESTATES IN-KIND^PHILIP MORRIS USA INC.^STE. MICHELLE WINE ESTATES-IN-KIND^ALTRIA CLIENT SERVICES LLC^STE. MICHELLE WINE ESTATES^ALTRIA CLIENT SERVICES INC. - IN-KIND CONTRIBUTION^ALTRIA CORPORATE SERVICES, INC.^Altria Client Services^STE. MICHELLE WINE ESTATES - IN-KIND CONTRIBUTION^ALTRIA CLIENT SERVICES INC.-IN-KIND^STE MICHELLE WINE ESTATES IN-KIND^ALTRIA CLIENT SERVICES, INCORPORATED^STE. MICHELLE WINE ESTATES - IN-KIND^ALTRIA CLIENT SERVICES^Altria Client Services In-kind""
AMAL~Amalgamated Bank - Loan^Amalgamated Bank^AMALGAMATED BANK^AMALGAMATED BANK DRAW FROM LINE OF CREDIT
AMZN~AMAZON.COM^AMAZON.COM SERVICES, INC.^AMAZON^AMAZON.COM SERVICES INC.^Amazon, Inc.^Amazon.com Services, Inc.^AMAZON.COM, INC.^AMAZON FULFILLMENT SERVICES INC.^Amazon.com
AAL~AMERICAN AIRLINES, INC^America West Airlines^AMERICAN AIRLINES GROUP^AMERICAN AIRLINES INC^American Airlines^US AIRWAYS^AMERICAN AIRLINES
AEP~AMERICAN ELECTRIC POWER SERVICE CORPORATION^AEP SERVICE CORPORATION^THE AMERICAN ELECTRIC POWER COMPANY - VIRGINIA COM^AMERICAN ELECTRIC POWER AEP^THE AMERICAN ELECTRIC POWER COMPANY^AMERICAN ELECTRIC POWER
WU~Western Union Financial Services, Inc.^American Express^WESTERN UNION^Western Union Financial Services^Western Union^WESTERN UNION FINANCIAL SERVICES, INC.
APU~AmeriGas^AMERIGAS PROPANE, LP
AGP~AMERIGROUP^Amerigroup Corporation^AMERIGROUP CORPORATION
ABC~AMERISOURCEBERGEN^AMERISOURCE BERGEN CORP^AmerisourceBergen Corporation^AMERISOURCEBERGEN CORP.^AMERISOURCE BERGEN^AmeriSourceBergen Corporation^AmeriSource Bergen^AMERISOURCEBERGEN SERVICES CORPORATION^AMERISOURCEBERGEN CORPORATION
AMGN~AMGEN/BIOTECHNOLOGY INDUSTRY ORGANIZATION^Amgen Inc.^Amgen^AMGEN USA^AMGEN^Amgen Inc^Amgen, Inc. State Political Contributions Acct^AMGEN/BIOTECHNOLOGY INDUSTRY ORG^AMGEN INC.^AMGEN INC. STATE POLITICAL CONTRIBUTIONS ACCOUNT^Amgen, Inc.
APC~ANADARKO PETROLEUM CORP.^ANADARKO PETROLEUM CORPORATION^ANADARKO PETROLEUM CORP^ANAdarko Petroleum Corporation^Anadarko Petroleum Corporation
BUD~ANHEUSER BUSCH IN-KIND^Anheuser-Busch Cos., Inc.^ANHEUSERBUSCH COMPANIES^Anheuser-Busch^ANHEUSERBUSCH^ANHEUSER-BUSCH COMPANIES - IN-KIND^ANHEUSER BUSCH COMPANIES-IN-KIND-EVENT FACILITIES^ANHEUSER-BUSCH COMPANIES^ANHEUSER BUSCH^ANHEUSER-BUSCH^Anheuser-Busch InBev^ANHEUSER-BUSCH COS., INC.^Anheuser Busch Companies^Anheuser-Busch Companies^ANNHEUSER BUSCH COMPANIES^ANHEUSER BUSCH COMPANIES^ANHEUSER BUSCH COMPANIES - IN-KIND CONTRIBUTION
ANTM~WELLPOINT HEALTH NETWORKS^AMERIGROUP Corporation^ANTHEM BLUE CROSS BLUE SHIELD^Anthem Blue Cross Blue Shield^ANTHEM BLUE CROSS BLUE SHIELD INC.^ANTHEM, INC^WELLPOINT, INC.^ANTHEM INC^Wellpoint Health Networks^WELLPOINT, INC^Wellpoint, Inc.^Anthem Inc^ANTHEM, INC.^WELLPOINT INC.^Anthem, Inc.^ANTHEM INC.
VZ~VERIZON GOOD GOVERNMENT CLUB OF VIRGINIA^AOL Inc.^YAHOO! INC.^YAHOO INC.^VERIZON CORPORATE RESOURCES, LLC^VERIZON WIRELESS^AOL^VERIZON COMMUNICATIONS, INC^VERIZON^AOL INC.^Yahoo Inc.^Verizon^AMERICA ONLINE AOL INC.^AOL LLC^VERIZON COMMUNICATIONS
APOL~APOLLO GROUP INC.^Apollo Education Group University of Pheonix^APOLLO GROUP, INC^APOLLO GROUP, INC.^APOLLO GROUP^UNIVERSITY OF PHOENIX^Apollo Education Group^APOLLO EDUCATION GROUP^APOLLO EDUCATION GROUP, INC.^University of Phoenix^Apollo Group, Inc.
AAPL~APPLE^APPLE, INC.^Apple
TYO~Astellas Pharma US, Inc.^ASTELLAS PHARMA US, INC.^ASTELLAS PHARMA US INC^Astellas Pharma US Inc^ASTELLAS^ASTELLAS PHARMA US INC.
AZN~ZENECA SERVICES^ASTRAZENECA/ZENECA SERVICES^AstraZeneca In-kind^MEDIMMUNE, INC.^MEDIMMUNE AFFAIRS, INC.^AstraZeneca^ASTRAZENECA SERVICES^ASTRAZENECA PHARMACEUTICALS LP^MedImmune, Inc.^ASTRAZENECA^ASTRAZENECA ZENECA SERVICES^ASTRAZENECA PHARMACEUTICALS^MedImmune, Inc^MEDIMMUNE BIOLOGICS, INC.
T~ATANDT INC.^AT&T^DIRECTV INCORPORATED^AT & T^ATANDT SERVICES INC.-IN-KIND^AT T SERVICES, INC.^ATandT Services, Inc.^AT AND T^ATANDT^ATANDT SERVICES INC.^AT AND T SERVICES INC^ATANDT SERVICES, INC.-IN-KIND^ATT^AT T Services, Inc.^Southernwestern Bell Telephone, L.P., d b a ATandT^AT and T^AT T^ATANDT SERVICES, INC.^ATT SERVICES, INC.^AT AND T SERVICES, INC.^AT ANDT SERVICES, INC.^AT&T SERVICES, INC.^AT&T Services, Inc
BAC~BANK OF AMERICA, N.A.^BANK OF AMERICA^BANK OF AMERCIA^Bank of America Corporation^BANK OF AMERICA CORPORATION^Bank of America
BAX~BAXALTA US INC^BAXALTA^Baxter InterNAtioNAl, Inc.^BAXTER INTERNATIONAL INC.^BAXALTA INC.^BAXTER HEALTHCARE CORPORATION^BAXTER^Baxter Healthcare Corporation^BAXTER INTERNATIONAL INC
BBY~BEST BUY CO., INC.^BEST BUY PURCHASING LLC.^Best Buy Co., Inc.^Best Buy Purchasing LLC^BEST BUY^BEST BUY PURCHASING LLC^Best Buy, LLC^BEST BUY INC^Best Buy Purchasing, LLC^Best Buy Inc.
BRK~BERKSHIRE HATHAWAY ENERGY^Clayton Homes^THE KRAFT HEINZ CO^KRAFT FOOD GROUPS, INC.^BNSF RAILWAY COMPANY CONFERENCE^KRAFT FOODS GROUP INC.^MIDAMERICAN ENERGY HOLIDNGS COMPANY^KRAFT FOODS GLOBAL INC.^MIDAMERICAN ENERGY COMPANY^KRAFT HEINZ FOODS COMPANY^GOVERNMENT EMPLOYEES INSURANCE CO.^MCLANE COMPANY^MIDAMERICAN ENERGY HOLDINGS CO.^KRAFT FOODS^Kraft General Foods^H.J. HEINZ COMPANY^GEICO^BNSF Railway Company^MIDAMERICAN ENERGY HOLDINGS COMPANY^McLane Company Inc^BNSF RAILWAY COMPANY- - IN-KIND CONTRIBUTION^KRAFT FOODS GROUP, INC.^Kraft Food^Kraft Food Groups, Inc.^MidAmerican Energy^KRAFT FOODS GROUP, INC - US^KRAFT HEINZ COMPANY^The Kraft Heinz Company^McLane Company^THE KRAFT HEINZ COMPANY^MCLANE COMPANY, INC.^MCLANE COMPANY, INC^HEINZ COMPANY^THE KRAFT HEINZ COMPANY CORPORATE CONTRIBUTIONS^KRAFT FOODS GLOBAL^NEVADA POWER COMPANY DBA NV ENERGY^MIDAMERICAN ENERGY HOLDINGS CO^NEVADA POWER COMPANYSIERRA PACIFIC POWER COMPANY^KRAFT FOODS GLOBAL, INC.^BNSF RAILWAY COMPANY
ZVO~BRIDGEPOINT EDUCATION^BRIDGEPOINT EDUCATION, INC.^BRIDGEPOINT EDUCATION INC.^Bridgepoint Education, Inc.
BF.B~Brown-Forman Corporation^Brown Forman^BROWNFORMAN CORPORATION^Brown-Forman Corp^BROWN-FORMAN CORPORATION^BROWN FORMAN CORP^BROWN-FORMAN CORP
CZR~HARRAH''S OPERATING COMPANY INC.^Caesars Enterprise Services^Hoosier Park LLC^Harrah''s Entertainment^CAESARS ENTERTAINMENT SERVICES LLC^CAESARS ENTERTAINMENT OPERATING COMPANY, INC^CAESARS ENTERTAINMENT^CAESARS ENTERTAINMENT CORPORATION^CAESARS ENTERTAINMENT, INC.CONFERENCE^HARRAH''S ENTERTAINMENT^Caesars Enterprise Services LLC^Caesars Entertainment^CAESARS ENTERPRISE SERVICES LLC^CAESARS ENTERTAINMENT OPERATING COMPANY, INC.^Caesars Entertainment Services LLC^HARRAH''S OPERATING COMPANY, INC.^HARRAH OPERATING^HARRAHS ENTERTAINMENT INC^CAESARS ENTERTAINMENT OPERATING CO INC.
COF~CAPITAL ONE SERVICES, LLC^Capitol One^CAPITAL ONE SERVICES, INC.^CAPITOL ONE^Capital One^Capital One Services LLC^CAPITAL ONE SERVICES LLC^CAPITAL ONE FINANCIAL^CAPITAL ONE
CAH~CARDINAL HEALTH^Cardinal Health^CardiNAl Health
KMX~Carmax^CARMAX AUTO SUPERSTORES, INC^CARMAX^CARMAX AUTO SUPERSTORES, INC BZ^CARMAX AUTO SUPERSTORES, INC.^CARMAX AUTO SUPERSTORES, INC (BZ)^CarMax Auto Superstores, Inc.
CSH~Cash America^CASH AMERICA
CNC~CENTENE MANAGEMENT COMPANY LLC - IN-KIND TRAVEL^MHM SERVICES, INC.^MHM SERVICES, INC., MIKE PINKERT^CENTENE MANAGEMENT COMPANY LLC IN-KIND TRAVEL^CENTENE MANAGEMENT COMPANY LLC^Centene Management Company, LLC^Centene MaNAgement Company LLC^CENTENE MANAGEMENT COMPANY LLC-IN-KIND^CENTENE CORPORATION^HEALTH NET OF CALIFORNIA, INC.^CENTENE MANAGEMENT COMPANY LLC- - IN-KIND CONTRIBU^CENTENE MANAGEMENT CO - IN KIND^Centene Management Company LLC^MHM SERVICES INC.^CENTENE MANAGEMENT COMPANY, LLC^MHM SERVICES^MANAGED HEALTH SERVICES, INC. CENTENE CORPORATION^HEALTH NET, INC.
CTL~CENTURYTEL, INC./CENTURYLINK^CENTURYLINK, INC.^QWEST SERVICE CORPORATION^CENTURY LINK^CENTURYTEL, INC. CENTURYLINK^CenturyTel Inc.^CENTURYLINK^CenturyLink, formerly CenturyTel, Inc.^CENTURYLINK - CENTURYTEL, INC.^CenturyLink^CENTURYTEL, INC.^CenturyLink - Centurytel, Inc.^Centurytel, Inc
GIB~CGI TECHNOLOGIES AND SOLUTIONS^CGI^CGI Technologies and Solutions, Inc.^CGI TECHNOLOGIES AND SOLUTIONS, INC.^CGI TECHNOLOGIES SOLUTIONS, INC.^CGI Technologies and Solutions Inc^CGI Technologies Solutions, Inc.^CGI TECHNOLOGIES SOLUTIONS^CGI TECHNOLOGIES AND SOLUTIONS INC.^CGI Technologies Solutions
CHTR~Time Warner Cable^TIME WARNER^CHARTER COMMUNICATIONS, INC.^Charter Communications^CHARTER COMMUNICATIONS^TIME WARNER CABLE^TIME WARNER CABLE SHARED SERVICE CENTER
CVX~Chevron Corporation^Chevron^CHEVRON POLICY GOVT PUBLIC AFFAIRS^CHEVRONTEXACO^CHEVRON POLICY GOVERNMENT AND PUBLIC AFFAIRS^CHEVRON POLICY GOVT AND PUBLIC AFFAIRS^Chevron Policy Govt and Publ Affairs^CHEVRON CORPORATION^Chevron Policy Government and Public Affairs^CHEVRON POLICY GOVT PUBL AFFIARS^CHEVRON
CHDN~CHURCHILL DOWNS-IN-KIND^Churchill Downs, Inc.^CHURCHHILL DOWNS^CHURCHILL DOWNS INC.^CHURCHILL DOWNS^CHURCHILL DOWNS INC
CI~CigNA^CIGNA HEALTH AND LIFE INSURANCE COMPANY^CONNECTICUT GENEERAL LIFE INSURANCE^Cigna Health and Life Insurance Company^CIGNA HEALTHCARE^MEDCO HEALTH SOLUTIONS, INC.^CONNECTICUT GENERAL LIFE INSURANCE^CigNA Health and Life Insurance Co^CONNECTICUT GENERAL LIFE INSURANCE CO.^CIGNA
C~Citigroup Inc.^Citigroup^CITI BUSINESS SERVICES^CITIGROUP INC.^CITIBANK N.A.^CITIGROUP MANAGEMENT CORP.^Citi Payment Services^Citi Business Services^CITIBANK^Citigroup Washington, Inc.^CITIGROUP^CITIGROUP MANAGEMENT CORP^CITIGROUP PAYMENT SERVICES^CITI PAYMENT SERVICES^Citigroup Management Corp
CFG~CITIZENS BANK^Citizens Bank
CNA~CNA Direct
KO~Coca-Cola In-kind^IN-KIND - Coca-Cola North America^THE COCA-COLA COMPANY^Coca-Cola^COCACOLA NORTH AMERICA^COCA-COLA NORTH AMERICA^Coca-Cola North America^COCA-COLA^COCACOLA BOTTLING COMPANY^Coca-Cola Bottling Company Consolidated^COCA COLA^The Coca-Cola Company^COCA-COLA NORTH AMERICA IN-KIND^The Coca-Cola Company - North America^COCA COLA COMPANY^COCA COLA NORTH AMERICA^COCA COLA NORTH AMERICA-IN-KIND^IN-KIND - COCA-COLA NORTH AMERICA^COCACOLA^COCA-COLA COMPANY NORTH AMERICA^COCA-COLA NORTH AMERICA-IN-KIND^Coca-Cola North America-IN-KIND^THE COCA-COLA COMPANY IN KIND^COCA-COLA ENTERPRISES^Coca-Cola Company^COCA-COLA BOTTLING COMPANY^COCA-COLA COMPANY
CCS~COMCAST NBC UNIVERSAL^COMCAST IN-KIND^COMCAST CORPORATION - IN-KIND, EVENT RENTAL^Comcast Cable^Comcast Corporation^Comcast^COMCAST CORPORATION IN KIND^COMCAST CORPORATION^COMCAST FINANCIAL AGENCY CORP^COMCAST CORPORATION IN-KIND^COMCAST FINANCIAL AGENCY CORPORATION^COMCAST FINANCIAL AGENCY CORP.-IN-KIND^COMCAST FINANCIAL AGENCY CORP.^COMCAST^COMCAST CABLE COMMUNICATIONS, INC.^Comcast Financial Agency Corporation
ATLC~ATLANTICUS HOLDINGS CORPORATION^COMPUCREDIT CORPORATION
CMSQY~COMPUTERSHARE
COP~CONOCOPHILLIPS^Conoco-Phillips Company^ConocoPhillips Company^Conoco Phillips Company^CONOCO PHILLIPS COMPANY^CONOCOPHILLIPS CO.^CONOCOPHILLIPS COMPANY
CLGX~CoreLogic Solutions LLC
CVA~COVANTA ENERGY LLC^COVANTA ENERGY^COVANTA ENERGY CORP^COVANTA ENERGY CORPORATION^Covanta Energy^COVANTA^COVANTA ENERGY, LLC^COVANTA PROJECTS, INC.^COVENTA ENERGY
CVS~CVS PHARMACY, INC.^CVS Health^CVS PHARMACY, INC.-IN-KIND^CVS Corporation^CVS Pharmacy, Inc.^CVS PHARMACY INC.^CVS PHARMACY, INC. - IN-KIND^CVS CORPORATION^CAREMARK RX INC.^OMNICARE INC^CAREMARK RX INC^CVS HEALTH
DELL~DELL INC.-IN-KIND^Dell, Inc.^DELL INC.^DELL USA LLC^DELL USA LP
DAL~Delta Airlines^DELTA AIR LINES, INC. IN-KIND^Delta Airlines Inc In-kind^Delta Air Lines Inc^DELTA AIR LINES^Delta Air Lines, Inc.^Delta Air Lines^DELTA AIR LINES INC.^DELTA AIRLINES^DELTA AIR LINES, INC.
DEO~DIAGEO^DIAGEO NORTH AMERICA INC^Diageo North America, Inc^DIAGEO - IN-KIND CONTRIBUTION^DIAGEO NORTH AMERICA INC.^DIAGEO -IN-KIND EVENT SPIRITS^Diageo^DIAGEO NORTH AMERICA, INC^Diageo Connecticut^DIAGEO NORTH AMERICA, INC. - IN-KIND^DIAGEO NORTH AMERICA, INC.^Diageo North America, Inc.
DTV~Direc TV^DIRECT TV^DirecTV, LLC^DirecTV
DISH~DISH NETWORK^DISNEY WORLDWIDE SERVICES, INC^DISH Network^DISH NETWORK LLC^DISH^Dish Network
DIS~DISNEYLAND RESORT IN-KIND EVENT GIFTS^DISNEY WORLDWIDE SERVICES, INC.
D~DOMINION ENERGY SERVICES, INC.^DOMINION RESOURCES^DOMINION ENERGY SERVICES INC^DOMINION ENERGY^DOMINION RESOURCES SERVICES INC.^Dominion Resources, Inc.^DOMINION RESOURCES SERVICES, INC.^DOMINION^Dominion Energy^DOMINION RESOURCES SERVICES INC^Dominion
DUK~DUKE ENERGY BUSINESS SERVICES LLC^Duke Energy Corporation^DUKE ENERGY CORPORATION^PROGRESS ENERGY, INC^DUKE ENERGY/DUKE POWER COMPANY^Duke Energy^PROGRESS ENERGY SERVICE COMPANY, INC^DUKE ENERGY^PIEDMONT NATURAL GAS COMPANY^PROGRESS ENERGY SERVICE COMPANY, LLC^PROGRESS ENERGY, INC.^PROGRESS ENERGY^DUKE ENERGY PROGRESS
DWDP~DOW CORNING CORPORATION^DOW CHEMICAL COMPANY^EL DU PONT DE NEMOURS COMPANY DUPONT^THE DOW CHEMICAL COMPANY - TEXAS OPERATIONS^DUPONT LEGAL^THE DOW CHEMICAL COMPANY^E.I.DUPONT DE NEMOURS AND COMPANY^DOW AGROSCIENCES LLC^Dow International Finance^Dow Chemical Company^DOW CHEMICAL^DOW JONES^DOW INTERNATIONAL^DOW AGROSCIENCES^DOWAGROSCIENCES^DUPONT^The Dow Chemical Company^NCP FINANCE LIMITED PARTNERSHIP^DuPont^DOW INTERNATIONAL FINANCE^Dupont^E.I. DUPONT DE NEMOURS AND COMPANY
EBAY~EBAY CA^EBAY^Ebay^EBAY INC.^EBAY, INC. IN-KIND^eBay Stubhub, Inc.^eBay^EBAY, INC.^eBay, Inc.^EBAY WA^eBay Inc.
SATS~EchoStar
LLY~ELI LILLY COMPANY^Eli Lilly and Company^Eli Lilly^LILLY USA, LLC^ELI LILLY AND COMPANY^ELI LILLY^Eli Lily and Company^ELI LILLY AND CO.^Lilly USA, LLC
ENDP~ENDO PHARMACEUTICALS^ENDO PHARMACEUTICALS INC.^ENDO PHARMECUTICALS^ENDO PHARMACEUTICALS, INC.
ETR~ENTERGY PILGRIM NUCLEAR POWER STATION^ENTERGY ARKANSAS^Entergy^ENTERGY SERVICES, INC.^ENTERGY CORPORATION^ENTERGY
EXPE~EXPEDIA INC.^Expedia Inc^TRAVELSCAPE, LLC^Expedia^EXPEDIA, INC.^EXPEDIA INC^EXPEDIA, INC^Expedia, Inc.
ESRX~Express Scripts^EXPRESS SCRIPTS INC.^Express Scripts, Inc.^EXPRESS SCRIPTS INC^EXPRESS SCRIPTS^EXPRESS SCRIPTS, INC.^MEDCO HEALTH SOLUTIONS, INC
FB~FACEBOOK^Facebook Inc^FACEBOOK INC.^Facebook, Inc.^FACEBOOK, INC.^Facebook
FDX~FedEx^FEDERAL EXPRESS^FEDEX CORPORATION^FEDEX
FNF~FIDELITY^FIDELITY CORPORATE SERVICES^Fidelity Corporate Services^Fidelity^FIDELITY NATIONAL FINANCIAL, INC.
NWS~Newscorp^News America Incorporated^Fox Entertainment^NEWS AMERICA INC.^NEWS AMERICA INCORPORATED^News Corporation Trans Inc^FOX GROUP^NEWS CORPORATION^NEWSCORP^News Corporation^News Corp^NEWS CORPORATION TRANS INC^Fox Group
FMS~Fresenius Medical Care^FRESENIUS MEDICAL CARE FMC CORPORATE^FRESENIUS MEDICAL CARE^FRESENIUS MEDICAL CARE AKA FMC CORPORATE
FTR~FRONTIER COMMUNICATIONS^Frontier Communications
RHHBY.PK~ROCHE DIAGNOSTICS^Genentech, Inc.^ROCHE^GENENTECH, INC.^GENENTECH, INC., A MEMBER OF THE ROCHE GROUP^GENENTECH^GENENTECH INC^GENENTECH INC.^ROCHE DIAGNOSTIC^Genentech Inc.^GENETECH^ROCHE DIAGNOSTICS CORPORATION^ROCHE DIAGNOSTICS USA
PAX~GENERAL ELECTRIC^GENERAL ELECTRIC COMPANY^General Electric Company^GE CORPORATE^General Electric
GM~GENERAL MOTORS^GM North America^GENERAL MOTORS CORPORATION^General Motors^General Motors LLC^GENERAL MOTORS LLC^General Motors LLC North American Operations^GENERAL MOTORS CORP^GENERAL MOTORS CORPORATION GMC^General Motors Corporation
GNE~Genie Energy^GENIE ENERGY CORPORATION^Genie Energy Corporation
GSK~GlaxoSmith Kline^VIIV HEALTHCARE^GlaxoSmithKline^GLAXO SMITH KLINE^GLAXOSMITHKLINE
GS~Goldman Sachs & Company
GOOG~GOOGLE^GOOGLE, INC.^Google, Inc^Google Inc.^GOOGLE INC-VENDOR REFUND^Google, Inc.^GOOGLE, INC^GOOGLE FIBER^Google^GOOGLE INC.^GOOGLE, INC. IN-KIND
GTK~GTECH CORPORATION^GTECH
HRB~H&R BLOCK^H R Block^H R BLOCK^HANDR BLOCK^H and R Block^HR BLOCK
HEINY~Heineken USA Inc.^Heineken USA
HLF~HERBALIFE INTERNATIONAL OF AMERICA, INC^HERBALIFE INTERNATIONAL OF AMERICA INC^HerbalLife International of America, INC^Herbalife^HERBALIFE INTERNATIONAL OF AMERICA, INC.^HERBALIFE
HPQ~HEWLETTPACKARD COMPANY^HEWLETT PACKARD^HP CO SPGS^HEWLETT PACKARD COMPANY^HP Inc.^Hewlett Packard^Hewlett Packard Enterprise^HEWLETT-PACKARD ENTERPRISE^HEWLETT PACKARD -IN-KIND^HEWLETT PACKARD COMPANY IN KIND^HP INC^HP INC.^HEWLETT PACKARD ENTERPRISE^Hewlett Packard Co.^Hewlett Packard Enterprise Company^HEWLETT-PACKARD COMPANY^Hewlett-Packard Co.^HEWLET PACKARD ENTERPRISE
HLT~HILTON WORLDWIDE^Hilton^HILTON^HILTON WORLDWIDE, INC.^Hilton Worldwide
HD~The Home Depot In-Kind""^HOME DEPOT STORE SUPPORT LLC^The Home Depot^Home Depot Store Support LLC^Home Depot U.S.A., Inc.^THE HOME DEPOT USA^HOME DEPOT U.S.A., INC.^HOME DEPOT STORE SUPPORT, LLC - IN-KIND^Home Depot^Home Depot USA Inc^THE HOME DEPOT^HOME DEPOT^HOME DEPOT STORE SUPPORT, LLC^Home Depot Store Support, LLC^HOME DEPOT U.S.A., INC. - IN-KIND^THE HOME DEPOT STORE SUPPORT, LLC
HZNP~HORIZON PHARMA USA INC.^Horizon Pharma USA, Inc^Horizon Pharma USA, Inc.^Horizon Pharma Inc^HORIZON PHARMA^Horizon Pharma^HORIZON PHARMACEUTICALS
HSBC~HSBC NORTH AMERICA
IAC~IAC
IDT~IDT Energy^IDT Corp
IGT~InterNAtioNAl Game Technology^International Game Technology^IGT GLOBAL SOLUTIONS IN-KIND^IGT^IGT GLOBAL SOLUTIONS^IGT-IN-KIND^INTERNATIONAL GAME TECHNOLOGY^GTECH CORPORATION CONFERENCE^GTECH CORPORATION
INTC~INTEL CORP^Intel^INTEL^INTEL CORP.^INTEL CORPORATION
INTU~INTUIT, INC.^Intuit Inc.^INTUIT^INTUIT INC.^Intuit^Intuit Payments
BEAM~JIM BEAM^BEAM GLOBAL SPIRITS AND WINE^Beam Suntory
JPM~JPMorgan Chase and Company^JPMORGAN CHASE AND CO.^JPMorgan Chase Co.^JP MORGAN SECURITIES INC.^JP Morgan Chase and Co PAC^JP MORGAN CHASE, CO^JP MORGAN CHASE AND CO. PAC^JP MORGAN CHASE AND CO PAC^JPMORGAN CHASE^JP MORGAN CHASE CO. PAC^JP Morgan Chase^JP MORGAN CHASE^JPMORGAN CHASE AND COMPANY
KEX~Kirby Company^KIRBY COMPANY^KIRBY
KR~FOOD 4 LESS^FOOD4LESS^KROGER
KV~KV PHARMACEUTICAL COMPANY
BKI~LENDER PROCESSING SERVICES
SYMC~Lifelock^LIFELOCK, INC.^Symantec Corporation^LIFELOCK INC^LIFELOCK^Lifelock Symantec^Lifelock, Inc.^LifeLock^SYMANTEC CORPORATION^LIFELOCK INC.
LO~Lorillard Tobacco Co^LORILLARD TOBACCO CO^LORILLARD TOBACCO COMPANY
LOW~LOWE''S COMPANIES, INC.^Lowe s Companies, Inc.^Lowes Companies, Inc.^Lowes^Lowe''s Companies, Inc.^LOWE''S^LOEWS CORPORATION^Lowe''s^LOWES^LOWES COMPANIES, INC.^LOWE S COMPANIES, INC.
LYFT~LYFT^Lyft, Inc. NetSuite^LYFT, INC. NETSUITE^LYFT, INC.^Lyft^Lyft, Inc.^LYFT, INC.-IN-KIND
MNK~MALLINCKROOT PHARMACEUTICALS^Mallinckrodt Pharmaceuticals^IKARIA^MALLINCKRODT PHARMACEUTICALS^MALLINCKRODT PHARMACEUTICALS-IN-KIND
MMC~MARSH^Marsh and McLennan Companies, Inc.^MARSH AND MCLENNAN^Marsh and McLenNAn Companies^Marsh McLenNAn Companies^MARSH AND MCLENNAN SHARED SERVICES CORP^Marsh and McLennan Companies^MARSH AND MCLENNAN COMPANIES
MA~MASTERCARD^Mastercard^MASTERCARD INTERNATIONAL, INC.^Mastercard InterNAtioNAl^MasterCard International, Inc.^MasterCard International
MMS~POLICY STUDIES, INC^MAXIMUS, INC^MAXIMUS INC.^MAXIMUS, INC.^POLICY STUDIES, INC. PSI^POLICY STUDIES INC.^Maximus, Inc.^POLICY STUDIES, INC.^MAXIMUS^Maximus
MCD~McDoNAld s Corporation^MCDONALDS CORPORATION^MCDONALD''S CORPORATION^McDonald''s Corporation^MCDONALDS
MCK~MCKESSON HEALTH SOLUTIONS^US ONCOLOGY^MCKESSON SPECIALTY HEALTH^US Oncology Corporate, Inc.^THE US ONCOLOGY NETWORK MCKESSON SPECIALTY HEALT^MCKESSON HEALTH SOLUTIONS LLC^MCKESSON CORPORATION^US ONCOLOGY CORPORATE, INC.^COVERMYMEDS, LLC^McKesson Corporation
MRK~Merck Sharp and Dohme Corp^Merck^MERCK SHARP AND DOHME CORP.^MERCK SHARP DOHME CORP.^MERCK AND CO., INC^MERCK AND CO, INC.^MERCK SHARPAND DOHME CORP.^MERCK & Co., Inc.^MERCK SHARP & DOHME CORP^Merck Sharp   Dohme Corp^MERCK SHARP AND DOHME CORP^MERCK AND CO, INC^Merck and Co Inc.^Merck   Company, Inc.^MERCK AND CO.^MERCK^MERCK CO., INC.^MERCK AND CO., INC.^Merck Sharp and Dohme Corp.^Merck and Company, Inc.^EMD SERONO, INC.
MGM~MGM Resorts InterNAtioNAl^MGM Resorts International^MGM RESORTS INTERNATIONAL^MGM MIRAGE
MSFT~Microsoft Corporation In-kind^MICROSOFT^Microsoft Corporation^MICROSOFT CORPORATION-IN-KIND^Microsoft^MICROSOFT CORPORATION - IN-KIND^MICROSOFT CORPORATION^MICROSOFT INNOVATION AND POLICY CENTER -IN-KIND^MICROSOFT CORP.
BAYRY~Bayer Inc.^BAYER CORPORATION^Monsanto Company^Bayer Corporation^MONSANTO^BAYER CROPSCIENCE^Monsanto^MONSANTO COMPANY
MNST~Monster Energy Company^Monster Energy Corporation^MONSTER WORLDWIDE^MONSTER ENERGY COMPANY^MONSTER WORLDWIDE, INC.^MONSTER WORLDWIDE MONSTER.COM
NGG~NATIONAL GRID
NAVI~Navient^NAVIENT SOLUTIONS, LLC^NAvient^NAVIENT SOLUTIONS LLC^NAVIENT^SALLIE MAE^NAVIENT SOLUTIONS, INC.^GILA LLC DBA^GILA, LLC^Navient Solutions, LLC
NEE~NextEra Energy Resources^NEE PIPELINE DEV ACQUISTIONS^NEXTERA ENERGY CAPITAL HOLDINGS INC.^FLORIDA POWER AND LIGHT COMPANY^NextEra Energy Resources LLC^NEXTERA ENERGY RESOURCES, INC.^FPL ENERGY, LLC. FLORIDA POWER LIGHT COMPANY.^NEXTERA ENERGY RESOURCES LLC^NEXTERA ENERGY, INC. -IN-KIND TRAVEL^NEXTERA ENERGY, INC.^NEXTERA ENERGY RESOURCES LLC-IN-KIND^NextEra Energy^NEXTERA ENERGY RESOURCES LLC IN-KIND TRAVEL^NextEra Energy, Inc.^NEXTERA ENERGY RESOURCES^NEXTERA ENERGY PROJECT MANAGEMENT LLC^NEXTERA ENERGY RESOURCES LLC- IN-KIND TRAVEL
NKE~NIKE INC AND AFFILIATES^NIKE INC.^NIKE INC. AND AFFILIATES^NIKE INC. AND AFFILIATES - IN-KIND^NIKE^NIKE IN-KIND^Nike USA, Inc.^Nike Inc. and Affiliates^NIKE INC. AND AFFILIATES-IN-KIND
NBL~NOBLE ENERGY INC.^NOBLE ENERGY, INC.^Noble Energy, Inc.
ES~EVERSOURCE ENERGY SERVICE CO.^EVERSOURCE ENERGY SERVICE CO^NORTHEAST UTILITIES SERVICE COMPANY^Eversource Energy Service Co.^EVERSOURCE ENERGY SERVICE COMPANY IN-KIND^EVERSOURCE ENERGY SERVICE COMPANY^NSTAR^NORTHEAST UTILITIES SERVICE CO.
NVS~NOVARTIS PHARMACEUTICALS CORPORATION NOVARTIS FSC^NOVARTIS FSC^NOVARTIS PHARMACEUTICALS CORP.^NOVARTIS PHARMACEUTICALS CORPORATION/NOVARTIS FSC^Novartis^SANDOZ^SANDOZ INC,^NOVARTIS PHARMACEUTICALS CORPORATION^Novartis Pharmaceuticals Corporation^NOVARTIS
NVO~Novo Nordisk Inc^NOVO NORDISK INC.^NOVO NORDISK, INC.^Novo Nordisk^Novo Nordisk, Inc.^Novo Nordisk Inc.^NOVO NORSDIK^NOVO NORDISK
NUS~Nu Skin Enterprises^Nu Skin International Inc./Pharmanex LLC^Nu Skin InterNAtioNAl Inc and Pharmanex LLC^Nu Skin International Inc/Pharmanex LLC^Nu Skin InterNAtioNAl Inc/Pharmanex LLC^NU SKIN INTERNATIONAL INC./PHARMANEX LLC^NU SKIN INTERNATIONAL INC.^NU SKIN INTERNATIONAL INC.PHARMANEX LLC^NU SKIN INTERNATIONAL/PHARMANEX LLC^NU SKIN INTERNATIONAL INC
ODP~OFFICE DEPOT, INC.^OFFICE DEPOTS^Office Depot In-kind""^OFFICE DEPOT^OFFICE DEPOT IN KIND^Office Depot, Inc.^Office Depot
ONDK~On Deck Capital^ONDECK
ORCL~ORACLE CORP^ORACLE AMERICA INC.^ORACLE AMERICA, INC.^Oracle Corporation^ORACLE USA INC.^ORACLE CORPORATION^ORACLE^ORACLE USA, INC.^ORACLE AMERICA, INC. -IN-KIND EVENT CATERING^ORACLE-IN-KIND
PYPLV~Paypal^PayPal Inc^Paypal, Inc.^PAYPAL INC^PAYPAL
PEP~PepsiCo Inc.^PEPSICO^PEPSI-COLA COMPANY^PEPSICO INC.^Pepsi-Cola Company^PepsiCo^PEPSI^PEPSICO, INC.^PEPSICO INC. - IN-KIND^PEPSI MIDAMERICA^PEPSICO INC. IN-KIND^Tropicana^Pepsico Inc
PFE~WYETH^PFIZER INC.^PFIZER^Pfizer^WYETH PHARMACEUTICALS^PFIZER INC IN-KIND^PFIZER INC^PFIZER, INC.^Pfizer, Inc.^Pfizer Inc
PNW~ARIZONA PUBLIC SERVICE COMPANY^PINNACLE WEST CAPITAL CORP^PINNACLE WEST^Pinnacle West Capital Corporation^ARIZONA PUBLIC SERVICE COMAPNY^ARIZONA PUBLIC SERVICE^APS^PINNACLE WEST CAPITAL CORPORATION
PBI~PITNEY BOWES INC.^Pitney Bowes Inc^PITNEY BOWES^Pitney Bowes^PITNEY BOWES, INC.^PITNEY BOWES, INC^PITNEY BOWES INC^Pitney Bowes Inc.
PRA~PORTFOLIO RECOVERY ASSOCIATES INC^PRA GROUP^PRA Group formerly Portfolio Recovery Associates^PRA GROUP, INC.^PRA GROUP, INC. OPERATING^PORTFOLIO RECOVERY ASSOC LLC
PRU~PRUDENTIAL INSURANCE CO OF AMERICA^Prudential FiNAncial^Prudential Financial^PRUDENTIAL FINANCIAL
BTI~RAI SERVICES COMPANY^Reynolds American Inc.^REYNOLDS AMERICAN/RAI SERVICES CO.^REYNOLDS AMERICAN INC.^Reynolds American Incorporated RAI^RAI Services Company^REYNOLDS AMERICAN^Reynolds American^RAI SERVICES COMPANY IN-KIND^Reynolds American RAI Services Co.^RAI SERVICES
RLH~Red Lion Inn and Suites
RELX~REED ELSEVIER INC.^LEXIS NEXIS^Reed Elsevier Inc.^Relx Inc^RELX, INC^RELX Group, Inc. Reed Elsevier^REED ELSEVIER, INC^REED ELSEVIER INC^RELX Inc.^Relx Group Inc^RELIX INC^RELX INC^RELX INC.^RELX GROUP^RELX, Inc^REED ELSEVIER
MAR~Ritz Carlton^MARRIOTT INTERNATIONAL, INC.^Residence Inn Philadelphia PA^Residence Inn^ReNAissance Hotel Washington DC
RCII~Rent-A-Center^RENT-A-CENTER^RENT-A-CENTER, INC. IN-KIND^RENT-A-CENTER RAC^RENT-A-CENTER, INC.-IN-KIND^RENT A CENTER^Rent-A-Center, Inc.^RENT A CENTER IN KIND^RENT-A-CENTER, INC.^RENT-A-CENTER IN KIND^Rent A Center
RSG~Republic Services, Inc.^REPUBLIC SERVICES, INC.^Republic Services Inc^REPUBLIC SERVICES INC.
RSCR~RESCARE^RESCARE INC^Rescare, Inc.^RESCARE, INC^ResCare, Inc.^RESCARE INC.^RESCARE, INC.^Rescare Inc.
SLM~SALLIE MAE^SALLIE MAE PAC^SALLIE MAE INC.^SALLIE MAE, INC.
SNY~SANOFI-AVENTIS U.S. INC.^SANOFI US^Sanofi-Aventis U.S. Inc.^sanofi-aventis, USA^SANOFIAVENTIS^SANOFI-AVENTIS U.S. INC^SANOFI US SERVICES INC^SANOFI AVENTIS^Sanofi^SANOFI US SERVICES INC.^SANOFI-AVENTIS
SGMS~Scientific Games InterNAtioNAl^SCIENTIFIC GAMES MANAGEMENT CORP.^SG SCIENTIFIC GAMES INTERNATIONAL, INC.^SCIENTIFIC GAMES INTERNATIONAL, INC.^SCIENTIFIC GAMES INTERNATIONAL^SCIENTIFIC GAMES INTERNATIONAL INC.^SCIENTIFIC GAMES CORPORATION^SCIENTIFIC GAMES MGMT CORP CONFERENCE^Scientific Games Corporation^SCIENTIFIC GAMES MGMT CORP
SERV~SERVICE MASTER^SERVICEMASTER^ServiceMaster
RDS.A~SHELL OIL COMPANY^SHELL OIL CO.
WHGRF~SMITHFIELD FOODS INC^Smithfield Foods^SMITHFIELD FOODS INC.^SMITHFIELD FOOD, INC.^Smithfield Foods Inc^SMITHFIELD FOODS^Smithfield Foods Inc.^SMITHFIELD SUPPORT SERVICES CORP.^SMITHFIELD SUPPORT SERVICES CORP^SMITHFIELD FOODS, INC.
SNE~SONY PICTURES ENT. INC.
SO~SOUTHERN COMPANY -IN-KIND^SOUTHERN COMPANY SERVICES^SOUTHERN COMPANY^ALABAMA POWER COMPANY^Georgia Power Company^Southern Company Services, Inc.^GEORGIA POWER COMPANY^SOUTHERN COMPANY SERVICES INC.^AGL RESOURCES^Mississippi Power Company^SOUTHERN COMPANY SERVICES INC^SOUTHERN COMPANY CONFERENCE^Southern Company Services Inc^SOUTHERN COMPANY SERVICES, INC.^Southern Company Services, Inc^SOUTHERN COMPANY SERVICES CONFERENCE
LUV~SOUTHWEST AIRLINES^SOUTHWEST AIR
S~Spint Nextel^Sprint/Nextel^SPRINT CORPORATION^Sprint^SPRINT^SPRINT NEXTEL^Sprint Nextel Corporation^SPRINT NEXTEL CORPORATION
SEPR~SUNOVION PHARMACEUTICALS^Sunovion Pharmaceuticals^SUNOVION PHARMACEUTICALS INC.^Sunovion^SUNOVION^SUNOVION PMD^Sunovion Pharmaceuticals Inc.^Sunovion Pharmaceuticals Inc. 
TMUS~T Mobile USA Inc^T-MOBILE USA, INC.^T-Mobile USA, Inc.^T-MOBILE USA INC^T-MOBILE^T-MOBILE USA, INC^T-Mobile USA Inc^TMOBILE USA, INC.
TGT~Target Corporation^TARGET^TARGET CORPORATION
TD~TD BANK, N.A.^TD BANK
TEVA~WATSON PHARMA., INC.^WATSON LABORATORIES, INC.^CEPHALON, INC.^WATSON PHARMACEUTICALS, INC.^TEVA PHARMACEUTICALS USA^WATSON LABORATORIES, INC^WATSON PHARMACEUTICALS, INC^Teva Pharmaceuticals USA, Inc.^TEVA PHARMACEUTICALS^TEVA PHARMACEUTICALS USA, INC.^Teva Pharmaceuticals
TRV~TRAVELERS^The Travelers Indemnity Company^TRAVELERS INDEMNITY COMPANY^THE TRAVELERS COMPANIES, INC.^THE TRAVELERS INDEMNITY COMPANY
AMX~TRACFONE WIRELESS, INC^TRACFONE^TRACFONE WIRELESS INC^Tracfone Wireless, Inc.^Tracfone Wireless, Inc^TracFone Wireless, Inc.^TRACFONE WIRELESS, INC.^TracFone Wireless, Inc^TRACFONE WIRELESS INC.^Tracfone
TRN~Trinity Industries Inc^Trinity Industries, Inc.^TRINITY INDUSTRIES, INC^TRINITY INDUSTRIES INC.^TRINITY INDUSTRIES, INC.
TSN~TYSON^Tyson Foods, Inc.^TYSON FOODS INC^TYSON FOODS INC.^Tyson Foods Inc.^TYSON FOODS
UHAL~U-HAUL INTERNATIONAL^UHAUL INTERNATIONAL INC.^UHAUL International, Inc.^UHI Claims Account
UAL~United Airlines^UNITED AIRLINES INC.^UNITED AIRLINES, INC.^UNITED AIRLINES
UNH~UNITED HEALTHCARE SERVICES INC.^UNITEDHEALTHCARE^UNITEDHEALTHCARE GROUP^UNITED HEALTHCARE SYS INC.^United Health Group^UNITED HEALTHCARE SERVICES INC^UNITED HEALTHCARE SERVICES, INC.^UNITEDHEALTHCARE SERVICES, INC.^UNITED HEALTHCARE SERVICES^UnitedHealthGroup^UNITEDHEALTH GROUP INC.^UNITED HEALTHCARE SERVICES, INC^UNITEDHEALTH GROUP^UNITEDHEALTH GROUP INC. - IN-KIND^UnitedHealth Group Inc^UnitedHealth Group Inc.^UNITED HEALTHCARE CORP^UNITED HEALTHCARE GROUP^UNITED HEALTH GROUP^UnitedHealth Group UHG^UNITED HEALTHCARE SVS INC^United Healthcare Services, Inc.^UnitedHealth Group
UPS~UPS United Parcel Service^UPS/UNITED PARCEL SERVICE^UNITED PARCEL SERVICE UPS^UNITED PARCEL SERVICE^UPS^United Parcel Service^UPS UNITED PARCEL SERVICE
USAA~UNITED SERVICES AUTOMOBILE ASSN USAA^United Services Automobile Association^United Services Automobile Assn USAA^USAA - IN-KIND^USAA^UNITED SERVICES AUTOMOBILE ASSOCIATION^UNITED SERVICES AUTOMOBILE ASSN^USCC SERVICES, LLC
UTX~UNITED TECHNOLOGIES CORPORATION CONFERENCE^UNITED TECHNOLOGIES CORPORATION^UNITED TECHNOLOGIES CORP^UNITED TECHNOLOGIES
UVN~UNIVISION MANAGEMENT COMPANY-IN-KIND^UNIVISION MANAGEMENT COMPANY^Univision MaNAgement Company^Univision
USB~US Bank^U.S. BANCORP^U.S. Bancorp^U.S. BANK NATIONAL ASSOCIATION^US BANK
VA~Virgin America
V~VISA USA INC^VISA U.S.A., INC.^Visa^VISA U.S.A. INC.^Visa USA^VISA USA Inc^VISA USA^Visa U.S.A. Inc.^VISA
VMW~VMWARE INC^VMWARE INC.^VMWARE, INC.^VMWARE
WMT~WALMART STORES^WAL-MART STORES INC^WALMART STORES, INC.^WAL-MART STORES, INC^WAL-MART STORES INC.^WAL-MART^Wal-Mart^WAL-MART STORES, INC.^Wal-Mart Stores, Inc.^WALMART^Walmart Stores Inc
WBA~WALGREENS FAMILY OF COMPANIES^Walgreens Family of Companies^Walgreen Company^Walgreens^Walgreens Company^WALGREEN COMPANY^WALGREENS^Walgreens Co.^WALGREENS CO^WALGREENS CO.^Walgreens Co^WALGREENS-IN-KIND
WM~WASTE MANAGEMENT^Waste Management, Inc.^WASTE MANAGEMENT, INC.^WASTE MGMNT^WASTE MANAGEMENT INC.^Waste MaNAgement^Waste Management
WCG~WELLCARE OF FLORIDA^WELLCARE HEALTH PLANS COMPRE. HEALTH MANAGEMENT^WELLCARE HEALTH PLANS, INC.^COMPREHENSIVE HEALTH MANAGEMENT INC.^Comprehensive Health Management^WellCare Health Plans, Inc.^Wellcare Health Plans, Inc. Comprehensive, Inc.^WELLCARE^COMPREHENSIVE HEALTH MANAGEMENT^CAIDAN MANAGEMENT CO.^COMPREHENSIVE HEALTH MGMT INC.^WELLCARE HEALTH PLANS, INC./COMPREHENSIVE HEALTH M^Comprehensive Health Management Inc.^WellCare^COMPREHENSIVE HEALTH MANAGEMENT INC. IN-KIND EVENT^CAIDAN MANAGEMENT COMPANY^WELLCARE HEALTH PLANS, INC. COMPREHENSIVE HEALTH M^WELLCARE OF FLORIDA CONFERENCE^Wellcare Health Plans, Inc. Comprehensive Health M^COMPREHENSIVE HEALTH MANAGEMENT INC
WFC~WELLS FARGO and COMPANY^Wells Fargo^WELLS FARGO & COMPANY^WELLS FARGO^WELLS FARGOAND COMPANY^WELLS FARGO AND COMPANY^Wells Fargo Company^Wells Fargo   Company^ABBOT DOWNING - CENTER NC^Wells Fargo and Company
WYND~WYNDHAM VACATION OWNERSHIP, INC.^WYNDHAM VACATION OWNERSHIP
AABA~Yahoo^YAHOO INC.^YAHOO^Yahoo!
YELP~Yelp Inc.^Yelp^Yelp, Inc.^Yelp Inc^YELP, INC.^YELP INC.^Yelp INC.^YELP! INC^YELP INC^YELP
YUM~YUM BRANDS, INC.^YUM BRANDS^YUM! BRANDS^YUM BRANDS INC.^Yum Brands, Inc.^YUM! BRANDS INC^YUM BRANDS INC^YUM! BRANDS INC.^YUM BRANDS, INC^Yum! Brands, Inc^YUM! BRANDS, INC
MDB~10GENMONGODB
ACN~ACCENTURE LLP
CB~ACE AMERICAN INSURANCE CO^CHUBB^Ace American Insurance Co^THE CHUBB CORP.
XRX~XEROX^XEROX BUSINESS SERVICES LLC^XEROX CORPORATION USA^ACS, A XEROX COMPANY
ADBE~ADOBE^ADOBE SYSTEMS IN-KIND^ADOBE SYSTEMS-IN-KIND^ADOBE SYSTEMS^IN-KIND - Adobe Systems Inc.
ACM~AECOM^AECOM ENTERPRISES^AECOM TECHNICAL SERVICES INC^AECOM Technology Corporation^AECOM MANAGEMENT SERVICES GROUP^AECOM TECHNOLOGY CORPORATION
AES~AES^AES CORPORATION^THE AES CORPORATION^INDIANAPOLIS POWER AND LIGHT COMPANY
AA~ALEXION PHARMACEUTICALS^ALCOA INC^ALCOA^ALEXION PHARMACEUTICALS INC^ALCOA INC.
ALKS~ALKERMES INC.^ALKERMES^Alkermes, Inc.^Alkermes^ALKERMES, INC.^Alkermes Inc.^ALKERMES, INC
FE~FIRSTENERGY CORP.^FIRSTENERGY CORPORATION^FIRST ENERGY SOLUTIONS CORP.^FirstEnergy Corporation^FIRST ENERGY CORP^FirstEnergy Corp.^FIRSTENERGY^FIRSTENERGY CORP^ALLEGHENY ENERGY, INC.^FIRSTENERGY SOLUTIONS CORPORATION
ATI~ALLEGHENY TECHNOLOGIES
ALRP~Alliance Coal LLC^Alliance Resource Partners^ALLIANCE COAL, LLC^ALLIANCE RESOURCES SGP LAND, LLC^ALLIANCE HOLDINGS GP, LP^ALLIANCE HOLDINGS GP, L.P.^ALLIANCE RESOURCE MANAGEMENT GP LLC
AFAM~ALMOST FAMILY CARE TENDERS^CARE TENDERS/ALMOST FAMILY
ANR~ALPHA NATURAL RESOURCES^Alpha Natural Resources Services LLC^ALPHA SERVICES^ALPHA NATURAL RESOURCES SERVICES LLC^ALPHA NATURAL RESOURCES, INC.
AEE~AMERENCILCO^AMEREN ILLINOIS^AMEREN CORPORATION^Ameren
AMRC~AMERESCO^AMERESCO, INC.
AIG~AMERICAN INTERNATIONAL GROUP AIG COMPANY^AMERICAN INTERNATIONAL GROUP^AIG COMPANIES^AMERICAN INTERNATIONAL GROUP INC AIG
AWK~AMERICAN WATER
KMI~ANR PIPELINE COMPANY^EL PASO ENERGY SERVICE COMPANY
AON~AON SERVICE CORPORATION^AON RISK SERVICES^AON CORPORATION
APA~APACHE CORPORATION
AMAT~APPLIED MATERIALS^APPLIED MATERIALS, INC.
WTR~AQUA AMERICA^AQUA AMERICA, INC.^AQUA INDIANA INC.^AQUA INDIANA INC
ARMK~ARAMARK^ARAMARK GLOBAL BUSINESS SERVICES^ARAMARK CORRECTIONAL SERVICES LLC
ARCVF~ARCADIS DESIGN CONSULTANCY
ARCH~ARCH COAL, INC.
ADM~Archer Daniels Midland Company^ARCHER DANIELS MIDLAND COMPANY
ARNC~ARCONIC
AREVA~AREVA INC.
UHS~UNIVERSAL HEALTH SERVICES^ATLANTIC SHORES HEALTHCARE
ADSK~AUTODESK^AUTODESK, INC.
AZO~AUTOZONE^AUTOZONE, INC. COMMITTEE FOR A BETTER GOVERNMENT
AVA~AVISTA CORP^AVISTA CORP.
BW~BABCOCK WILCOX COMPANY^THE BABCOCK AND WILCOX COMPANY^BABCOCKAND WILCOX CO.
ABX~BARRICK GOLDSTRIKE MINES INC^Barrick Goldstrike Mines Inc.^BARRICK GOLDSTRIKE MINES, INC.^BARRICK GOLD OF NORTH AMERICA
BASFY~BASF^BASF USA^BASF CORPORATION
WSP~PB AMERICAS INC.^PARSONS BRINCKERHOFF INC.^PARSONS BRINCKERHOFF, INC.^BERGER GROUP HOLDINGS, INC.
BIIB~BIOGEN IDEC^BIOGEN, INC.^BIOGEN US CORPORATION^Biogen^BIOGEN INC.^BIOGEN INC
CRH~BIZZACK
BE~BLOOM ENERGY
BDRBF~BOMBARDIER CORP.^BOMBARDIER AEROSPACE HOLDINGS USA^BOMBARDIER CORPORATION^Bombardier Aerospace USA Inc.
BSX~BOSTON SCIENTIFIC^BOSTON SCIENTIFIC CORPORATION
BYD~BOYD GAMING CORPORATION^Boyd Gaming Corporation
BP~BP Corporation North America Inc.^BP CORPORATION NORTH AMERICA INC.^BP AMERICA^BP AMERICA INC.^BP CORPORATION NORTH AMERICA INC^BP AMERICA, INC.^BP
CELL~BRIGHTPOINT, INC.
EAT~BRINKER INTERNATIONAL IN-KIND EVENT GIFTS^BRINKER INTERNATIONAL -IN-KIND^BRINKER INTERNATIONAL
BMY~Bristol-Myers Squibb Company^BRISTOL-MYERS SQUIBB COMPANY^BRISTOL-MYERS SQUIBB CO.^BRISTOL MYERS SQUIBB^BRISTOLMYERS SQUIBB CO.
COG~CABOT OIL AND GAS CORPORATION^Cabot Oil and Gas Corporation^CABOT OIL GAS CORPORATION
CPN~CALPINE CORPORATION^CALPINE CORP.
CECO~CAREER EDUCATION CORPORATION
CAT~CATERPILLAR, INC.^CATERPILLAR^CATERPILLAR INC.^CATEPILLAR^CATERPILLAR INC^Caterpillar
CBRE~CB RICHARD ELLIS
CBI~CBI SSERVICES
CXW~Corrections Corp of Tennessee^CoreCivic^CORRECTIONS CORP OF AMERICA OF TENNESSEE LLC^CORRECTION CORPORATION OF AMERICA CCA OF TENNESSEE^CoreCivic of Tennessee LLC^CORRECTION CORPORATION OF TENNESSEE INC.^CORRECTIONS CORP OF AMERICAN OF TENNESSEE LLC^CCA OF TENNESSEE, INC.^CORECIVIC OF TENNESSEE, LLC^CORRECTIONS CORPORATION OF AMERICA^CCA^CCA of Tennessee, LLC^CORRECTIONS CORP OF TENNESSEE, LLC^Corrections Corporation of America^CCA OF TENNESSEE, LLC^CORECIVIC OF TENNESSEE LLC^CORRECTIONS CORP OF AMERICA^CCA OF TENNESSEE LLC
CELG~CELGENE CORPORATION^Celgene^Celgene Corporation
RRI~CENTERPOINT ENERGY SERVICE COMPANY, LLC^CENTERPOINT ENERGY^MIRANT SERVICES, LLC^RRI ENERGY CORPORATE SERVICES, LLC (RELIANT ENERGY^Centerpoint Energy^CENTERPOINT ENERGY, INC^CenterPoint Energy^CENTERPOINT ENERGY SERVICE COMPANY LLC
CNTO~CENTOR INC
LEU~CENTRUS ENERGY CORP^USEC, INC.^USEC^CENTRUS ENERGY CORP.^CENTRUS ENERGY
CENX~CENTURY ALUMINUM^CENTURY ALUMINUM COMPANY
CDAY~CERIDIAN^CERIDIAN CORPORATION
CERN~Cerner Corporation^CERNER CORPORATION^CERNER^CERNER CORP.
JEC~CH2M HILL ENGINEERS, INC.^CH2M HILL ENGINEERS INC^JACOBS ENGINEERING GROUP INC.^CH2M HILL ENGINEERS^BLUE CANOPY GROUP, LLC^CH2M HILL, INC.^CH2M HILL ENGINEERS INC.^CH2M HILL COMPANIES, LTD
LNG~CHENIERE ENERGY SHARED SERVICES, INC.^CHENIERE ENERGY SHARED SERVICES, INC^CHENIERE ENERGY SHARED SERVICES^CHENIERE ENERGY INC.^CHENIERE LNG O M SERVICES LLC
CHK~CHESAPEAKE OPERATING, INC.^CHESAPEAKE ENTERPRISES^CHESAPEAKE OPERATING, INC
CHH~CHOICE HOTELS
FCAU~FCA US LLC^FIAT CHRYSLER AUTOMOBILE^CHRYSLER CORPORATION^FIAT CHRYSLER AUTOMOBILES FCA US LLC^FIAT CHRYSLER AUTOMOTIVES^FCA GROUP^FIAT CHRYSLER AUTOMOBILES^CHRYSLER^CHRYSLER GROUP, LLC^CHRYSLER GROUP^FIAT CHRYSLER AUTOMOBILES US LLC^CHRYSLER SERVICE CONTRACT INC. PSC^CHRYSLER GROUP LLC^Chrysler Group LLC
CYH~CHS COMMUNITY HEALTH SYSTEMS INC^HMA CORPORATE OFFICES^CHS PROFESSIONAL SERVICES CORP.
CSCO~CISCO SYSTEMS INC.^CISCO SYSTEMS, INC. CONFERENCE^Cisco Systems, Inc.^CISCO US LEGAL ENTITY^CISCO SYSTEMS, INC^CISCO SYSTEMS, INC.
CMS~Consumers Energy Company^CONSUMERS ENERGY COMPANY^CONSUMERS ENERGY COMPANY-IN-KIND^CMS ENERGY CORPORATION
CNI~GRAND TRUNK WESTERN RAILROAD INC^GRAND TRUNK WESTERN RAILROAD CO.^Grand Trunk Western Railroad^GRAND TRUNK WESTERN RAILROAD INC.^CN NORTH AMERICAS RAILROAD^GRAND TURK WESTERN RAILROAD CO.^GRAND TRUNK WESTERN RAILROAD^GRAND TRUNK WESTERN RAILROAD, INC.
CNO~CNO FINANCIAL GROUP
CNX~CONSOL ENERGY, INC.^CONSOL ENERGY^CONSOL Energy Inc.^CONSOL ENERGY INC^CNX RESOURCES CORP^Consol Mining Company^CONSOL ENERGY INC.^CONSOL MINING COMPANY LLC^CNX Resources Corporation
CTSH~COGNIZANT TECHNOLOGY SOLUTIONS^COGNIZANT US CORP^Cognizant Technology Solutions^COGNIZANT TECHNOLOGY SOLUTIONS US CORP^TRIZETTO
CPGX~COLUMBIA GAS TRANSMISSION LLC^Columbia Gas Transmission^COLUMBIA PIPELINE GROUP
COLM~COLUMBIA SPORTSWEAR CO
EXC~PEPCO HOLDINGS^PEPCO^PEPCO HOLDING COMPANY, INC.^PEPCO HOLDING COMPANY INC.^EXELON CORPORATION CONFERENCE^PHI SERVICE COMPANY^EXELON GENERATION COMPANY, LLC^CONSTELLATION ENERGY GROUP, INC.^COMMONWEALTH EDISON COMPANY^EXELON CORPORATION^EXELON^Exelon Generation^EXELON BUSINESS SERVICES
DXC~COMPUTER SCIENCES CORPORATION^COMPUTER SCIENCES CORPORATION CSC
CNDT~CONDUENT BUSINESS SERVICES LLC
CPRT~COPART INC.^Copart^COPART, GENERAL DISPERSEMENT^COPART^COPART, INC
MDT~COVIDIEN^MEDTRONIC INC.^MEDTRONIC, INC.^MEDTRONIC^Medtronic, Inc.
CSX~CSX CORPORATION^CSX TRANSPORTATION INC.
CURLF~CURALEAF NJ INC
DSKYF~DAIICHI SANKYO, INC^DAIICHI SANKYO, INC.^Daiichi Sankyo, Inc.
DRI~DARDEN^DARDEN, INC.^GRMI, INC.^DARDEN RESTAURANTS, INC^Darden^DARDEN RESTAURANT^DARDEN RESTAURANTS-IN-KIND^DARDEN RESTAURANTS^GMRI, INC^DARDEN RESTAURANTS, INC.^GMRI INC.
DVA~DAVITA, INC.^DAVITA HEALTHCARE PARTNERS^US RENAL CARE INC^DaVita^DAVITA^DA VITA HEALTHCARE PARTNERS INC.^DAVITA TOTAL RENAL CARE INC.^TOTAL RENAL CARE, INC., A SUBSIDIARY OF DAVITA^Davita Inc.^DAVITA HEALTHCARE^ABQ HEALTH PARTNERS, LLC^DaVita Inc.^TOTAL RENAL CARE, INC.
DBVT~DBV TECHNOLOGIES
DNR~DENBURY ONSHORE LLC^DENBURY
DIN~DINEEQUITY^DINEEQUITY, INC.^DINE EQUITY
DISC~DISCOVERY COMMUNICATIONS INC.^DISCOVERY COMMUNICATIONS^DISCOVERY SHARED SERVICES
DNKN~DUNKIN BRANDS, INC.^DUNKIN BRANDS
VST~EQUIPOWER, INC.^DYNEGY ADMINISTRATIVE SVC^ENERGY FUTURE HOLDINGS CORPORATE SERVICES COMPANY
EADSY~EADS NORTH AMERICA
EMN~EASTMAN CHEMICAL COMPANY
ECL~ECOLAB INC.^ECOLAB, INC.
EHTH~EHEALTHINSURANCE^EHEALTH, INC.
ESALY~EISAI, INC.^EISAI INC.
ELCO~ELCOM INTERNATIONAL, INC.
EMC~EMC CORPORATION
ECA~ENCANA OIL AND GAS, INC.^EnCana Oil and Gas USA Inc.^ENCANA CORPORATION^ENCANA OIL AND GAS (USA) INC.^ENCANA OIL AND GAS USA INC.^ENCANA OIL GAS USA INC.^EnCana Oil and Gas USA, Inc.^ENCANA OIL GAS, INC.^ENCANA OILAND GAS, INC.
ET~ENERGY FUTURE HOLDING^ENERGY TRANSFER GROUP^ENERGY TRANSFER OPERATING^ENERGY TRANSFER PARTNERS, L.P.^ETC NORTHEAST PIPELINE LLC^LONE STAR NGL LLC ROW DBA ENERGY TRANSFER^Energy Transfer Group
EQT~EQT CORPORATION^EQT Corporation
NH~EVITI, INC.
WLTW~EXTEND HEALTH, INC.^TOWERS WATSON
EXE~EXTENDICARE
XTO~ELLORA ENERGY LLC^EXXON MOBIL CORP.^EXXON MOBIL CORPORATION^Exxon Mobil Corporation^EXXON MOBIL
PPB~FANDUEL, INC.^FANDUEL INC^FANDUEL INC.
ZURN~ZURICH AMERICAN INSURANCE COMPANY^Farmers Group, Inc. Farmers Underwriters Associati^Farmers Group, Inc.^FARMERS INSURANCE GROUP^ZURICH INSURANCE GROUP^Farmers Group Inc.^ZURICH NORTH AMERICAN INSURANCE^FARMERS GROUP, INC^FARMERS GROUP INC.^FARMERS INSURANCE^FARMERS GROUP INC^FARMERS INSURANCE EXCHANGE^FARMERS GROUP, INC.
FSS~FEDERAL SIGNAL
FEYE~FIREEYE^FIREEYE INC.^FIREEYE IN-KIND^FIREEYE, INC.^FIREEYE, INC^FIREEYE INC
FDC~FIRST DATA CORPORATION^FIRST DATA
FLR~FLOUR ENTERPRISES, INC^FLUOR ENTERPRISES, INC-HQ^FLUOR CORPORATION^FLUOR ENTERPRISES INC.^FLUOR ENTERPRISES INC.-HQ^FLUOR ENTERPRISES, INC.^FLUOR ENTERPRISES INC-HQ^FLUOR ENTERPRISES, INC^Fluor Enterprises, Inc.
FMC~FMC CORPORATION
F~FORD MOTOR COMPANY^Ford Motor Company
FELP~FORESIGHT ENERGY LLC^FORESIGHT ENERGY SERVICES
FBHS~FORTUNE BRANDS^FORTUNE BRANDS, INC.^FORTUNE BRANDS, INC
FCEL~FUELCELL ENERGY, INC.
NRG~NRG Energy^NRG ENERGY, INC.^NRG ENERGY INC^NRG ENERGY INC.^NRG Energy, Inc.^GenOn Mid-Atlantic LLC^GENON ENERGY, INC.
GNW~GENWORTH NORTH AMERICA CORPORATION^Genworth Financial^GENWORTH FINANCIAL, INC^GENWORTH FINANCIAL GNA CORPORATION^GENWORTH FINANCIAL, INC.^GENWORTH FINANCIAL^GENWORTH
GEO~THE GEO GROUP INC.^THE GEO GROUP, INC.^The GEO Group Inc.^GEO GROUP INC.^GEO CARE INC.^GEO GROUP INC. POLITICAL CONTRIBUTION ACCOUNT^GEO GROUP^GEO CARE LLC^The GEO Group, Inc.^THE GEO GROUP^GEO Group, Inc. Political Contribution Account^THE GEO GROUP, INC^GEO GROUP, INC.^THE GEO GROUP INC. POLITICAL CONTRIBUTION ACCOUNT
GILD~GILEAD SCIENCES^GILEAD SCIENCES, INC.^Gilead Sciences, Inc.^GILEAD SCIENCES INC.
GLP~GLOBAL COMPANIES LLC^GLOBAL COMPANIES
GRYW~GRAYLING
GLDD~GREAT LAKES DREDGE DOCK CO^GREAT LAKES DREDGE AND DOCK COMPANY, LLC^GREAT LAKES DREDGEAND DOCK COMPANY, LLC^GREAT LAKES DREDGE AND DOCK COMPANY^GREAT LAKES DREDGE AND DOCK^GREAT LAKES DREDGE DOCK COMPANY
HIG~THE HARTFORD FINANCIAL SERVICES GROUP^HARTFORD FINANCIAL SERVICES GROUP, INC.^HARTFORD DISTRIBUTORS, INC.^THE HARTFORD^HARTFORD FINANCIAL SERVICES GROUP INC.
HCA~HCA INC.^HCA^HOSPITAL CORPORATION OF AMERICA HCA, INC.^HCA INC^HCA FOR GOOD GOVERNMENT - THE HEALTHCARE COMPANY^HOSPITAL CORPORATION OF AMERICA^HCA, INC.^HCA MANAGEMENT SERVICES
HDR~HDR ENGINEERING^HDR, INC.^HDR ENGINEERING, INC^HDR ENGINEERING, INC.
HMSY~HEALTH MANAGEMENT ASSOCIATES^HEALTH MANAGEMENT SYSTEMS, INC^HEALTH MANAGEMENT SYSTEMS INC.
AGL~HMS HOST
CCL~PRINCESS CRUISES AND TOURS INC.^HOLLAND AMERICA CRUISE LINES, INC^CARNIVAL
RLGY~HOLY COW RANCH
HSCC~HOMELAND SECURITY CAPITAL CORP
HON~HONEYWELL^HONEYWELL INTERNATIONAL, INC.^HONEYWELL INTERNATIONAL^HONEYWELL INTERNATIONAL INC.
HMHH~HOUGHTON MIFFLIN HARCOURT^HOUGHTON MIFFLIN COMPANY
HOV~HOVNANIAN ENTERPRISES, INC.
HHC~HOWARD HUGHES CORPORATION^THE HUGHES CORPORATION
HUM~HUMANA, INC.^HUMANA^Humana^HUMANA INC^HUMANA INC.
IQV~IMS HEALTH
TEG~INTEGRYS ENERGY GROUP, INC. (INTEGRYS BUSINESS SUPPORT, LLC)^INTEGRYS BUSINESS SUPPORT, LLC
IBM~INTERNATIONAL BUSINESS MACHINES^INTERNATIONAL BUSINESS MACHINES IBM^IBM
IP~INTERNATIONAL PAPER^INTERNATIONAL PAPER COMPANY
IRLTF~INTRALOT, INC.^Intralot^INTRALOT^INTRALOT INC.
FTS~ITC HOLDING CORP^ITC HOLDINGS CORP^ITC HOLDINGS, INC.^ITC HOLDINGS CORP.^ITC MIDWEST, LLC^ITC Holdings Corp^ITC Midwest, LLC
ITRI~ITRON INC.
JCI~JOHNSON CONTROLS INC.^JOHNSON CONTROLS INC. POLITICAL ACTION COMMITTEE^JOHNSON CONTROLS^JOHNSON CONTROLS, INC.^JOHNSON CONTROLS INC^HARLEYSVILLE INSURANCE^JOHNSON CONTROLS JCI INC.^Johnson Controls, Inc.
JNJ~JOHNSON JOHNSON^JOHNSON AND JOHNSON SERVICES INC^JOHNSON AND JOHNSON CORPORATE POLITICAL FUND^Johnson   Johnson^JOHNSON AND JOHNSON^JOHNSON AND JOHNSON PAC^Johnson and Johnson^JOHNSON JOHNSON PAC
LRN~K12 MANAGEMENT INC^K12.COM^K12 MANAGEMENT INC.^K12 INC.^K12 Management Inc.
EVRG~KANSAS CITY POWER LIGHT
GHC~KAPLAN HIGHER EDUCATION
KND~KINDRED HEALTHCARE OPERATING
KKR~AMERICAN MEDICAL RESPONSE^KOHLBERG KRAVIS ROBERTS CO. KKR^KOHLBERG KRAVIS ROBERTS AND CO.^FIRST DATA CORPORATION
BRGP~KPMG LLP(ACCOUNTANTS COALITION)^KPMG LLP^KPMG
VISG~L1 IDENTITY SOLUTIONS^L-1 IDENTITY SOLUTIONS
LAUR~LAUREATE EDUCATION, INC.^LAUREATE EDUCATIION^LAUREATE
LAZ~LAZARD
LVLT~LEVEL 3 COMMUNICATIONS LLC^TW TELECOM^LEVEL 3 COMMUNICATIONS, LLC
LHCG~LHC GROUP INC.^LHC GROUP INC^LHC Group Inc.
LMT~LOCKHEED MARTIN CORPORATION^LOCKHEED MARTIN IMS^LOCKHEED MARTIN CORP.^Lockheed Martin Corporation^LOCKHEED MARTIN
HLUKF~LUNDBECK PHARMACEUTICALS SERVICES
CLI~MACK-CALI PROPERTY TRUST-REIT
MQBKY~MACQUARIE CAPITAL ADVISORS^MACQUARIE HOLDINGS INC^MACQUARIE GROUP^MACQUARIE HOLDINGS USA INC^MACQUARIE HOLDINGS USA INC.^MACQUARIE INFRASTRUCTURE AND REAL ASSETS^MACQUARIE CAPITAL USA^MACQUARIE CAPITAL
MGLN~MAGELLAN^Magellan Health Services^MAGELLAN HEALTH^MAGELLAN HEALTH SERVICES^MAGELLAN HEALTH SERVICES INC
MGA~MAGNA SERVICES OF AMERICA INC.^MAGNA SERVICES OF AMERICA, INC^Magna Services of America, Inc.^Magna Services of America Inc.^MAGNA SERVICES OF AMERICA, INC.
MRO~MARATHON OIL^Marathon Oil Corporation^MARATHON GROUP^MARATHON OIL COMPANY^Marathon
ACDO~MEDCO ACCREDO HEALTH
MET~METLIFE
MHCC~MILLENIUM HEALTH SYSTEMS LLC
FUJHY~MILLER SUBARU
MOH~MOLINA HEALTHCARE, INC.^Molina Healthcare, Inc.^MOLINA HEALTHCARE
MSI~MOTOROLA SOLUTIONS^Motorola  Solutions, Inc.^Motorola Solutions^MOTOROLA SOLUTIONS INC^MOTOROLA SOLUTIONS, INC.^Motorola^MOTOROLA SOLUTIONS INC.^Motorola Solutions, Inc.^Motorola Solutions Inc^MOTOROLA^MOTOROLA SOLUTIONS, INC
MNTG~MTR GAMING GROUP, INC.^MTR GAMING
MYL~MYLAN LABORATORIES, INC.^MYLAN, INC.^Mylan^MYLAN LABORATORIES INC.^MYLAN INC.
EGOV~NIC, INC-IN-KIND^NATIONAL INFORMATION CONSORTIUM, INC. NIC^NIC INC.-IN-KIND^NIC^NIC USA INC.^NIC INC^NIC - LOUISIANA INTERACTIVE^NIC INC. - IN-KIND CONTRIBUTION^NIC - USA^NIC INC.^NIC, INC.^NIC-USA -IN-KIND^NIC-USA^NIC, INC
NAV~NAVISTAR^NAVISTAR, INC.
PSO~NCS PEARSON INC.^NCS PEARSON
MTQ~NEPTUNE AVIATION SERVICES
NSRGY~NESTLE WATERS NORTH AMERICA, INC^NESTLE WATERS NORTH AMERICA INC^NESTLE WATERS^NESTLE USA^NESTLE WATERS NORTH AMERICA INC.^NESTLE USA INC
NEM~NEWMONT MINING CORP^NEWMONT USA LIMITED^NEWMONT USA^NEWMONT VENTURES LIMITED^NEWMONT GOLD COMPANY^NEWMONT MINING^Newmont Ventures Limited^NEWMONT MINING CORPORATION
NI~NISOURCE CORPORATE SERVICES^COLUMBUS GAS OF OHIO^NISOURCE CORPORATE SERVICES CO^NISOURCE
NSANY~NISSAN NORTH AMERICA INC.^NISSAN NORTH AMERICA, INC.^NISSAN
NSC~Norfolk Southern Corporation^NORFOLK SOUTHERN CORPORATION^NORFOLK SOUTHERN^NORFOLK SOUTHERN CORPORATION - IN-KIND
NOC~NORTHROP GRUMMAN^NORTHROP GRUMMAN CORPORATION^NORTHROP GRUMMAN CORP.
NUE~Nucor^NUCOR CORP.^NUCOR^Nucor Corporation^NUCOR CORPORATION
OXY~OCCIDENTAL PETROLEUM^OCCIDENTAL PETROLEUM CORPORATION^OCCIDENTAL CHEMICAL CORPORATION^OCCIDENTAL OIL AND GAS CORPORATION
OME~OMEGA PROTEIN INC.^OMEGA PROTEIN
OTSKF~OTSUKA AMERICA PHARMACEUTICAL, INC.
PKWY~PARKWAY BANK AND TRUST CO
BTU~PEABODY ENERGY^Peabody Investments Corp.^Peabody Investments Corporation^PEABODY INVESTMENTS CORP^PEABODY INVESTMENTS CORP.^PEABODY INVESTMENTS CORPORATION
PENN~PENN GAMING^Penn National Gaming^PENN NATIONAL GAMING, INC.^PENN NATIONAL GAMING^INDIANA GAMING COMPANY, LLC
PHG~PHILIPS ELECTRONICS OF NORTH AMERICA CORPORATION^Philips USA Philips Lighting^PHILIPS INTERNATIONAL, INC.^PHILIPS ELECTRONICS NORTH AMERICAN CORPORATION^PHILIPS USA^Philips Electronics North America Corporation^PHILIPS ELECTRONICS NORTH AMERICA^PHILIPS^PHILIPS ELECTRONICS NORTH AMERICA CORP.^Philips IHB Payments^Philips USA
PSX~PHILLIPS 66 COMPANY^PHILLIPS 66
PII~POLARIS^POLARIS GLAXOSMITHKLINE
PPL~Louisville Gas and Electric Co.^PPL People for Good Government^PPL CORPORATION^LOUISVILLE GAS AND ELECTRIC AND KENTUCKY UTILITIES^PPL Electric Utilities Corporation^PPL People For Good Government^PPL SERVICES CORPORATION
PEG~PSEG SERVICES^PSEG SERVICES CORPORATION^PSEG SERVICES CORP.
DGX~QUEST DIAGNOSTICS^QUEST DIAGNOSTICS INC.
QVCD~QVC INC
CTAA~QWEST COMMUNICATIONS, INC.^QWEST^Qwest
RTN~RAYTHEON^RAYTHEON COMPANY
RY~RBC CAPITAL MARKETS, LLC
RB~RECKITT BENCKISER PHARMACEUTICALS
MTN~Yarrow Resorts^RESORTS WORLD MIAMI
RHNO~RHINO ENERGY LLC
RRD~The Jackson Group^RR DONNELLY^RR DONNELLEY
SIETY~SAFELITE FULFILLMENT INC.
SAICO~SAICO INC.
SSNLF~SAMSUNG ELECTRONICS NORTH AMERICA^SAMSUNG ELECTRONICS^SAMSUNG ELECTRONICS AMERICA^SAMSUNG^SAMSUNG TELECOMMUNICATIONS AMERICA
SAP~SAP INDUSTRIES^SAP AMERICA, INC.^SAP INDUSTRIES INC^SAP AMERICA PUBLIC SECTOR INC^SAP PUBLIC SERVICES, INC.^SAP AMERICA^SAP^SAP AMERICA, INC^SAP America, Inc
SMG~TRUGREEN^The Scotts Company LLC^SCOTTS MIRACLE-GRO COMPANY^TruGreen^THE SCOTTS COMPANY LLC^TRUGREEN IN KIND^SCOTTS COMPANY^THE SCOTTS COMPANY^THE SCOTTS COMPANY AND SUBSIDIARIES
TAK~TAKEDA PHARMECEUTICALS^TAKEDA PHARMACEUTICALS USA INC.^Takeda Pharmaceuticals North America, Inc.^TAKEDA PHARMACEUTICALS NORTH AMERICA, INC.^SHIRE^TAKEDA PHARMACEUTICALS U.S.A., INC.
SIEGY~SIEMENS GSS NORTH AMERICA^SIEMENS^SIEMENS CORPORATION
SBGI~SINCLAIR BROADCAST GROUP INC
SOLVY~SOLVAY FINANCE AMERICA , LLC^SOLVAY FINANCE AMERICA LLC^SOLVAY NORTH AMERICA^SOLVAY FINANCE (AMERICA), INC.^SOLVAY FINANCE AMERICA, LLC
FUJIY~SONOSITE
SWN~SOUTHWESTERN ENERGY
HOT~STARWOOD HOTELS RESORTS
STFC~STATE AUTO INSURANCE COMPANIES
SUNE~SUN EDISON^SUNEDISON
SUN~SUNOCO^Sunoco Pipeline LP^SUNOCO, INC.^SUNOCO PIPELINE LP
UNFI~SUPERVALU, INC.
SWMAY.PK~Swedish Match^SWEDISH MATCH^SWEDISH MATCH NORTH AMERICA INC.^Swedish Match North America, Inc.^SWEDISH MATCH NORTH AMERICA
TLLGF~TALGO, INC.
BA~BOEING COMPANY^THE BOEING COMPANY
CC~THE CHEMOURS COMPANY FC LLC
HSY~THE HERSHEY COMPANY IN-KIND^HERSHEY COMPANY
LAMR~THE LAMAR COMPANIES
SPGI~THE MCGRAW HILL COMPANIES
PNX~THE PHOENIX COMPANIES, INC.
PNC~THE PNC FINANCIAL SERVICES GROUP
WMB~THE WILLIAMS COMPANIES INC.^THE WILLIAMS COMPANY^WILLIAMS TRANSCONTINENTAL GAS PIPELINE COMPANY^WILLIAMS CONSTITUTION PIPELINE CO^WILLIAMS TRANSCONTINENTAL GAS PIPELINE COMPANY, LL^THE WILLIAMS COMPANIES, INC^THE WILLIAMS COMPANIES^WILLIAMS INTERCONTINENTAL GAS PIPELINE COMPANY^THE WILLIAMS CO.^WILLIAMS^THE WILLIAMS COMPANIES, INC.
TYT.L~TOYOTA MOTOR NORTH AMERICAN INC.^Toyota Motor North America, Inc.^TOYOTA MOTOR NORTH AMERICA, INC^TOYOTA MOTOR NORTH AMERICA^TOYOTA MOTOR SALES USA INC^TOYOTA MOTOR NORTH AMERICA, INC.
TRP~TRANSCANADA PIPELINE USA LTD^TRANSCANADA CORP.^TRANSCANADA PIPELINE U.S.A. LTD.^TRANSCANADA CORPORATION^TRANSCANADA
ROP~TRANSCORE LP
TYC~TYCO ELECTRONICS^TYCO^TYCO ELECTRONICS CORPORATION
RARE~ULTRAGENYX PHARMACEUTICAL INC.
UNP~Union Pacific Railroad Company^UNION PACIFIC CORPORATION^UNION PACIFIC^UNION PACIFIC RAILROAD^Union Pacific RailRd. Company^UNION PACIFIC RAILROAD COMPANY^UNION PACIFIC RAILRD. COMPANY
UIS~UNISYS^UNISYS CORPORATION
X~UNITED STATES STEEL CORPORATION^United States Steel Corporation
UTHR~UNITED THERAPEUTICS CORPORATION
USM~US CELLULAR^U.S. CELLULAR
THC~VANGUARD HEALTH MGMT., INC^VANGUARD HEALTH
VRTX~Vertex Pharmaceuticals Inc^Vertex Pharmaceuticals^VERTEX PHARMACEUTICALS INC.^Vertex Pharmaceuticals Inc.^VERTEX PHARMACEUTICALS^VERTEX PHARMACEUTICALS INC IN-KIND^VERTEX PHARMACEUTICALS INC
VWAGY~Volkswagen^VOLKSWAGEN GROUP OF AMERICA INC.^VOLKSWAGEN GROUP OF AMERICA, INC.^VOLKSWAGEN GROUP OF AMERICA
TWX~WARNER BROS ENTERTAINMENT INC
WGLCP~WASHINGTON GAS LIGHT COMPANY^WASHINGTON GAS
WFTIQ~WEATHERFORD INTERNATIONAL LTD.
WBS~WEBSTER FINANCIAL CORPORATION^WEBSTER BANK
WFD~WESTFIELD CORPORATION^WESTFIELD CORPORATION INC.
WY~WEYERHAEUSER^WEYERHAEUSER COMPANY^WEYERHAEUSER NR COMPANY^WEYHAUSER
WINMQ~WINDSTREAM
WPX~WPX ENERGY, INC.^WPX ENERGY INC.^WPX Energy, Inc.^WPX ENERGY INC
WYNN~WYNDHAM VACATION OWNERSHIP^WYNN LAS VEGAS, LLC^WYNN RESORTS, LIMITED CORP INVESTMENTS^WYNN RESORTS^WYNN RESORTS, LTD-IN-KIND^WYNN HOTEL AND RESORTS LIMITED^Wynn Las Vegas, LLC^WYNN RESORTS, LIMITED^WYNN RESORTS LIMITED
XEL~XCEL ENERGY^Xcel Energy^XCEL ENERGY, INC^XCEL ENERGY SERVICES INC.^Xcel Energy Services, Inc.^XCEL ENERGY SERVICES INC
ZBH~ZIMMER, INC.^ZIMMER INC.
ZIP~ZIPCAR, INC.
PNK~Ameristar Casino^AMERISTAR CASINO^AMERISTAR CASINO VICKSBURG^PINNACLE ENTERTAINMENT, INC.
CAJ~Canon Financial Services
CPHC~Canterbury Park Holding Corp.
CASY~CASEY''S GENERAL STORES^CASEYS GENERAL STORES^Caseys General Stores, Inc.^Casey''s General Stores, Inc.
CLF~Cliffs Natural Resources Inc.
DMLRY~DAIMLER^DaimlerChrysler Corporation
DGRLY~Delek US Holdings Inc.
IGG~Diamond Game Enterprises
DTE~DTE ENERGY CORPORATION^DTE ENERGY COMPANY^DTE ENG CORP SVCS LLC^DTE ENERGY^DTE ENERGY CORPORATION SERVICES LLC^DTE Energy Corporation Services LLC^DTE ENERGY CORP SVCS LLC^DTE Energy
GIS~GMRI, Inc.^GMRI, INC.^GMRI INC^GMRI INC.
IHTM~iHeart Media
IMS~IMS Health
LKQ~LKQ Corporation Employee Good Government Fund^LKQ CORPORATION EMPLOYEE GOOD GOVERNMENT FUND^Keystone Automotive Industries^LKQ Corporation^KEYSTONE AUTOMOTIVE INDUSTRIES, INC
RAI~Lorillard Tobacco Co.
TAP~MILLER COORS BREWING COMPANY^MILLER COORS BREWING COMPANY-IN-KIND^MILLERCOORS^MillerCoors, LLC^MILLERCOORS BREWING COMPANY^MILLERCOORS, LLC^MILLER COORS
NORNQ~Noranda
OSG~OSG Ship Management, Inc.
P~PANDORA MEDIA INC.^PANDORA MEDIA^Pandora Media^PANDORA
PNM~PNM Resources
POL~PolyOne Corporation
WPP~BURSON-MARSTELLER^Project New America
QCCO~QC HOLDINGS, INC.^QC Holdings, Inc.
ROIAK~Radio One
RRC~Range Resources Corporation^Range Resources Corporation and subsidiaries^RANGE RESOURCES CORPORATION
CSIQ~Recurrent Energy Development Holdings, LLC^RECURRENT ENERGY DEVELOPMENT HOLDINGS, LLC
REGI~RENEWABLE ENERGY GROUP^REG Services Group LLC^REG SERVICES GROUP, LLC RENEWABLE ENERGY GROUP^REG SERVICES GROUP, LLC/RENEWABLE ENERGY GROUP
SAS~SAS Institute, Inc
SCG~SCANA SERVICES INC.^SCANA Services Inc
SHPG~Shire Pharmaceuticals LLC^Shire Regenerative Medicine, Inc.
LIGHT~Signify 
SWX~SOUTHWEST GAS CORPORATION^Southwest Gas Corporation
SRCL~Stericycle^STERICYCLE
UBER~UBER TECHNOLOGIES, INC^Uber Technologies, Inc.^UBER TECHNOLOGIES INC.^UBER TECHNOLOGIES INC^UBER TECHNOLOGIES^UBER TECHNOLOGIES, INC.^Uber Technologies, Inc
EIHDF~888 US Inc.
ACHC~Acadia Healthcare Company, Inc.^ACADIA HEALTHCARE COMPANY INC.^ACADIA HEALTHCARE
ADS~ALLIANCEDATA
AMEX~AMERICAN EXPRESS TRAVEL RELATED SERVICES, INC.^AMERICAN EXPRESS - AIRBNB^AMERICAN EXPRESS TRAVEL RELATED SERVICES, INC^American Express
APEI~AMERICAN PUBLIC UNIVERSITY SYSTEM, INC.
IMBBY~blu eCigs
CLDP~CLOUD PEAK ENERGY
CONN~Conns HomePlus^Conn''s HomePlus^CONN''S, INC.^CONNS, INC.
CLR~Continental Resources, Inc^Continental Resources, Inc.''^Continental Resources^CONTINENTAL RESOURCES, INC
DVN~DEVON ENERGY CORPORATION^DEVON ENERGY^DEVON ENERGY PRODUCTION COMPANY, LP^Devon Energy Production Company^DEVON ENERGY PRODUCTION COMPANY LP^DEVON ENERGY PRODUCTION COMPANY, L.P.
EFX~EQUIFAX, INC.
XOG~EXTRACTION OIL AND GAS, INC.^Extraction Oil and Gas, Inc.
FLO~Flowers Foods, Inc.^FLOWERS FOODS, INC.^FLOWERS FOOD^FLOWERS FOODS INC^FLOWERS FOODS^FLOWER FOODS, INC.^FLOWERSFOODS INC.
HIIQ~Health Insurance Innovations
LVS~VENETIAN RESORT HOTEL CASINO^LAS VEGAS SANDS CORP^VENETIAN CASINO RESORT
LEN~LENNAR CORPORATION
MACF~MacFarlane Group^MACFARLANE GROUP
MTRN~MATERION
NFX~Newfield Exploration Company
NGL~NGL Energy
PDCE~PDC Energy, Inc.^PDC ENERGY, INC.
SMGZY~SMITHS GROUP SERVICES CORPORATION^SMITHS GROUP SERVICE CORPORATION
SNAP~SNAPCHAT, INC.^SNAPCHAT
SCTY~SOLARCITY CORPORATION
SRCI~SRC Energy, Inc.
STI~Suntrust Banks, Inc^SUNTRUST GOOD GOVERNMENT GROUP^SUNTRUST^SunTrust^SUNTRUST BANK GOOD GOVERNMENT GROUP^SUNTRUST BANKS, INC.
SWCH~SWITCH, LTD^SWITCH, LTD.
WEN~WENDCO OF PUERTO RICO, INC.^THE WENDY''S COMPANY
TSS~TOTAL SYSTEMS SERVICES, INC.^TOTAL SYSTEM SECURITY SERVICES INC. TSYS
TSG.O~TSG INTERACTIVE US SERVICES LIMITED^AMAYA US SERVICES LIMITED^AMAYA GAMING^TSG Interactive US Services Limited
USNA~USANA Health Sciences Inc.^USANA HEALTH SCIENCES INC.
VGR~Vector Group Ltd.^VECTOR GROUP LTD^VECTOR GROUP^VECTOR GROUP LTD.
WAGE~WAGEWORKS
WLL~WHITING OIL AND GAS CORP.^WHITING PETROLEUM CORP.^WHITING PETROLEUM^Whiting Petroleum^WHITING OIL AND GAS CORP^WHITING PETROLEUM CORPORATION
RNDC~Wirtz Beverage Illinois
WVNTF~WORLDVENTURES HOLDINGS, LLC
UFC~ZUFFA, LLC
SVNDY~7-ELEVEN, INC.^7-Eleven, Inc.
WRB~ADMIRAL LIFE INSURANCE COMPANY OF AMERICA^W.R. BERKLEY CORPORATION
AAI~AIRTRAN AIRWAYS^AIRTRAN
ALGT~ALLEGIANT AIR, LLC^ALLEGIANT AIR
ATGFF~ALTAGAS SERVICES US INC.
AMED~AMEDISYS^AMEDISYS HOLDINGS, LLC
AFG~AMERICAN FINANCIAL
AMRT~AMERICAN MART CORP.
PRIM~ARB, INC.
MT~ARCELORMITTAL
AAWW~ATLAS AIR, INC.
BYI~BALLY TECHNOLOGIES, INC.
BCE~BELL MUSIC COMPANY
MHM~BENEFITS RESOURCE GROUP AGENCY, LLC
BX~BLACKSTONE GROUP LLC
BZZFF~BUZZI UNICEM USA
HLEX~CATALYST HEALTH SOLUTIONS
CX~CEMEX MATERIALS LLC
SDXAY~CENTERPLATE
BDGE~CHAIN BRIDGE BANKCORP INC.^CHAIN BRIDGE BANKCORP, INC.
CHRA~CHARAH
CIN~CINTRA US LLC^CINTRA DEVELOPMENTS USA^CINTRA US, LLC
CWEI~CLAYTON WILLIAMS ENERGY, INC.
L~GULF SOUTH^GULF SOUTH PIPELINE^CNA Continental Casualty Company^CNA^CNA/CONTINENTAL CASUALTY COMPANY^CNACONTINENTAL CASUALTY COMPANY^GULF SOUTH BUSINESS SYSTEMS AND CONSULTANTS, INC.^CNA CONTINENTAL CASUALTY COMPANY
COLL~COLLEGIUM PHARMACEUTICALS^COLLEGIUM PHARMACEUTICAL, INC.
CEG~CONSTELLATION ENERGY GROUP
CDE~COUR D''ALENE MINES
CCK~CROWN CORKAND SEAL^CROWN CORK AND SEAL COMPANY, INC.^CROWN CORK AND SEAL^CROWN^Crown Cork and Seal Company, Inc.
HRZL.PK~CSX TRANSPORTATION, INC.^CSX TRANSPORTATION
DDS~DILLARDS^DILLARDS, INC^DILLARD''S^DILLARDS, INC.^DILLARD''S, INC.
DLR~DUPONT FABROS TECHNOLOGY
DX~DX SERVICE COMPANY,INC.
EMR~EMERSON''S MISSOURI RESPONSIBLE GOVERNMENT FUND^EMERSON
XCOOQ~EXCO RESOURCES, INC.
FGP~FERRELLGAS L.P.^FERRELLGAS
FIS~FIDELITY INSURANCE
FITB~FIFTH THIRD BANK
FAF~FIRST AMERICAN TITLE INSURANCE COMPANY
GDI~GARDNER DENVER^GARDNER DENVER, INC.
GD~GENERAL DYNAMICS CORPORATION^GULFSTREAM AEROSPACE CORPORATION
GLT~GLATFELTER^Glatfelter
GPRE~GREEN PLAINS
BMO~HARRIS CENTRAL NATIONAL ASSOCIATION
HRS~HARRIS CORPORATION^HARRIS CORP.
HP~HELMERICH AND PAYNE, INC.
HRTG~HERITAGE INSURANCE HOLDINGS, LLC^HERITAGE INSURANCE HOLDINGS, INC.^HERITAGE INSURANCE^HERITAGE INSURANCE HOLDINGS, INC
HTZ~HERTZ
HTH~HILLTOP HOLDINGS
IM~INGRAM MICRO, INC^INGRAM MICRO, INC.^INGRAM MICRO INC
ISLE~ISLE OF CAPRI CASINOS, INC.
KSU~KANSAS CITY SOUTHERN RWY CO.^KANSAS CITY POWER AND LIGHT^KANSAS CITY SOUTHERN INC.
FRAC~KEANE, INC.^KEANE
KMT~KENNAMETAL, INC.^KENNAMETAL INC.
KRO~KRONOS
BATRA~LIBERTY MEDIA CORPORATION^LIBERTY INTERACTIVE
MPC~MARATHON PETROLEUM COMPANY LP^MARATHON PETROLEUM COMPANY^Marathon Petroleum Co LP^MARATHON PETROLEUM CO LP
MWV~MEADWESTVACO
MU~MICRON TECHNOLOGY, INC
NCI~Navigant Consulting^NAVIGANT CONSULTING INC.^NAVIGANT CONSULTING
NBIX~NEUROCRINE BIOSCIENCES, INC.
PDRDY~PERNOD RICARD USA PAC^Pernod Ricard USA^PERNOD RICARD USA IN-KIND EVENT SPIRITS^PERNOD RICARD USA
PNY~PIEDMONT NATURAL GAS COMPANY^PIEDMONT NATURAL GAS^PIEDMONT NATURAL GAS CO.
PXD~PIONEER NATURAL RESOURCES^PIONEER NATURAL RESOURCES USA, INC.^PIONEER NATURAL RESOURCES USA INC.
FCX~PLAINS EXPLORATION AND PRODUCTION CO.^PLAINS EXPLORATION AND PRODUCTION COMPANY
PCH~POTLACH
PPG~PPG INDUSTRIES^PPG INDUSTRIES, INC.
QEP~QEP RESOURCES, INC.^QEP RESOURCES
PWR~QUANTA SERVICES
IWG~REGUS-NOT A CONTRIBUTION
RCL~ROYAL CELEBRITY TOURS
RPM~RPM INTERNATIONAL INC.
WTTR~SELECT ENERGY SERVICES LLC IN-KIND^Select Energy Services^SELECT ENERGY SERVICES-IN-KIND^SELECT ENERGY SERVICES
SIKA~SIKA CORPORATION
SPR~SPIRIT AEROSYSTEMS
SYY~SYSCO CORP.^SYSCO CORPORATION
TEL~TE Connectivity
TDOC~TELADOC, INC.
ABG~THE COGGIN GROUP
NC~THE FALKIRK MINING COMPANY^THE COTEAU PROPERTIES COMPANY
SHAW~THE SHAW GROUP, INC.^THE SHAW GROUP
TOL~TOLL BROS., INC.
TBI~TRUEBLUE INC.
UPL~ULTRA RESOURCES, INC.
USU~USEC INC.
WTI~WANDT OFFSHORE, INC.^WANDT OFFSHORE, INC
WEC~WEC BUSINESS SUPPORT SERVICES LLC^WISCONSIN PUBLIC SERVICE CORP.^WEC BUSINESS SERVICES LLC^WISCONSIN ENERGY CORPORATION^WEC ENERGY GROUP INC.
CKH~WITT OBRIENS^WITT O BRIENS, LLC^WITT O''BRIEN''S, LLC^WITT OBRIENS, LLC
WOR~WORTHINGTON INDUSTRIES, INC.
AACE~ACE CASH EXPRESS, INC.
APO~ADT LLC
AGCO~AGCO
BLKB~BLACKBAUD
FCFS~CASHAMERICA^CASH AMERICA INTERNATIONAL, INC^Cash America International, Inc.
DLLR~DOLLAR FINANCIAL GROUP, INC
EW~EDWARDS LIFE SCIENCES^EDWARDS LIFESCIENCES LLC
EPD~EPCO, INC
EZPW~EZCORP, INC.
BBT~FIRST SOUTHERN NATIONAL BANK
FLL~FULL HOUSE RESORTS, INC.
GLIBA~GCI COMMUNICATION CORP
GDEN~GOLDEN ENTERTAINMENT
WCN~IESI CORPORATION
INDV~INDIVIOR PLC
KOSS~KOSS CORPORATION
LPS~LENDER PROCESSING SERVICES^LENDER PROCESSING SERVICES, INC.
LPNT~LIFEPOINT CORPORATE OFFICE
MJSCZ~MAJESTIC STAR CASINO, LLC
MWE~MARKWEST ENERGY OPERATING COMPANY, L.L.C.
MAT~MATTEL, INC.
MGDDF~MICHELIN NORTH AMERICA, INC.
ERI~MTR GAMING INC.
NSRGY.PK~NESTLE PURINA PETCARE
NHC~NHC OP, L.P.
NOG~NORTHERN OIL AND GAS
BHP~PETROHAWK ENERGY CORPORATION
QVCA~QVC, INC.
SRNE~SCILEX PHARMACEUTICALS, INC.
HGLC~SENTINEL RESOURCES
SHPGF~SHIRE PHARMACEUTICALS^SHIRE PHARMACEUTICALS LLC^SHIRE REGENERATIVE MEDICINE, INC.
SMGKF~SMITHS MEDICAL
LYV~TICKETMASTER
MDP~TIME INC.^Time, Inc
TOFC~TOWER LOAN
TAC~TRANSALTA USA
TWTR~TWITTER
VLO~VALERO CORPORATE SERVICES CO.
VOS~VOSSLOH TRACK MATERIAL, INC.
WDC~WESTFIELD GROUP
WVVI~Willamette Valley Vineyards
AXAHY~X.L. AMERICA, INC.
